issue_year,volume,issue,article_id,publication_date,online_date,supplementary_asset_count,code_asset_count,status
2022,4,1,s42256-021-00422-y,2022/01,2021/12/30,1,0,ok
2022,4,1,s42256-021-00425-9,2022/01,2022/01/20,1,0,ok
2022,4,1,s42256-021-00427-7,2022/01,2022/01/25,1,0,ok
2022,4,1,s42256-021-00428-6,2022/01,2022/01/25,2,0,ok
2022,4,1,s42256-021-00430-y,2022/01,2022/01/25,2,0,ok
2022,4,1,s42256-021-00431-x,2022/01,2022/01/10,6,0,ok
2022,4,1,s42256-021-00433-9,2022/01,2022/01/25,1,0,ok
2022,4,1,s42256-021-00434-8,2022/01,2022/01/26,11,0,ok
2022,4,1,s42256-021-00435-7,2022-01-25,2022-01-25,0,0,ok
2022,4,1,s42256-021-00436-6,2022/01,2022/01/25,0,0,ok
2022,4,1,s42256-022-00442-2,2022/01,2022/01/25,0,0,ok
2022,4,2,s42256-021-00432-w,2022/02,2022/02/10,2,0,ok
2022,4,2,s42256-021-00437-5,2022/02,2022/02/21,1,0,ok
2022,4,2,s42256-021-00438-4,2022/02,2022/02/07,1,0,ok
2022,4,2,s42256-021-00439-3,2022/02,2022/02/23,9,0,ok
2022,4,2,s42256-022-00440-4,2022/02,2022/02/23,0,0,ok
2022,4,2,s42256-022-00441-3,2022/02,2022/02/23,0,0,ok
2022,4,2,s42256-022-00443-1,2022/02,2022/02/23,1,0,ok
2022,4,2,s42256-022-00444-0,2022/02,2022/02/14,11,0,ok
2022,4,2,s42256-022-00445-z,2022/02,2022/02/23,0,0,ok
2022,4,2,s42256-022-00448-w,2022/02,2022/02/23,3,1,ok
2022,4,2,s42256-022-00449-9,2022/02,2022/02/23,0,0,ok
2022,4,2,s42256-022-00450-2,2022/02,2022/02/23,0,0,ok
2022,4,2,s42256-022-00451-1,2022/02,2022/02/23,0,0,ok
2022,4,2,s42256-022-00456-w,2022/02,2022/02/23,0,0,ok
2022,4,3,s42256-022-00446-y,2022/03,2022/03/14,1,0,ok
2022,4,3,s42256-022-00447-x,2022/03,2022/03/03,1,0,ok
2022,4,3,s42256-022-00452-0,2022/03,2022/03/23,1,0,ok
2022,4,3,s42256-022-00453-z,2022/03,2022/03/08,0,0,ok
2022,4,3,s42256-022-00454-y,2022/03,2022/03/17,1,0,ok
2022,4,3,s42256-022-00455-x,2022/03,2022/03/21,3,0,ok
2022,4,3,s42256-022-00457-9,2022/03,2022/03/21,1,0,ok
2022,4,3,s42256-022-00458-8,2022/03,2022/03/23,2,0,ok
2022,4,3,s42256-022-00459-7,2022/03,2022/03/23,4,0,ok
2022,4,3,s42256-022-00462-y,2022/03,2022/03/23,2,0,ok
2022,4,3,s42256-022-00463-x,2022/03,2022/03/23,0,0,ok
2022,4,3,s42256-022-00465-9,2022/03,2022/03/07,0,0,ok
2022,4,3,s42256-022-00466-8,2022/03,2022/03/09,0,0,ok
2022,4,3,s42256-022-00473-9,2022/03,2022/03/11,0,0,ok
2022,4,3,s42256-022-00476-6,2022/03,2022/03/23,0,0,ok
2022,4,4,s42256-022-00460-0,2022/04,2022/04/04,1,0,ok
2022,4,4,s42256-022-00461-z,2022/04,2022/03/31,1,0,ok
2022,4,4,s42256-022-00464-w,2022/04,2022/04/07,1,0,ok
2022,4,4,s42256-022-00467-7,2022/04,2022/04/04,2,0,ok
2022,4,4,s42256-022-00468-6,2022/04,2022/04/21,1,0,ok
2022,4,4,s42256-022-00469-5,2022/04,2022/04/11,4,0,ok
2022,4,4,s42256-022-00471-x,2022/04,2022/04/07,4,0,ok
2022,4,4,s42256-022-00475-7,2022/04,2022/04/18,0,0,ok
2022,4,4,s42256-022-00477-5,2022/04,2022/04/21,6,0,ok
2022,4,4,s42256-022-00478-4,2022/04,2022/04/22,0,0,ok
2022,4,4,s42256-022-00479-3,2022/04,2022/04/22,0,0,ok
2022,4,4,s42256-022-00481-9,2022/04,2022/04/22,0,0,ok
2022,4,4,s42256-022-00484-6,2022/04,2022/04/22,0,0,ok
2022,4,4,s42256-022-00485-5,2022/04,2022/04/08,0,0,ok
2022,4,4,s42256-022-00486-4,2022/04,2022/04/12,0,0,ok
2022,4,5,s42256-022-00470-y,2022/05,2022/04/25,2,0,ok
2022,4,5,s42256-022-00472-w,2022/05,2022/04/14,2,0,ok
2022,4,5,s42256-022-00474-8,2022/05,2022/04/28,1,0,ok
2022,4,5,s42256-022-00480-w,2022/05,2022/05/19,1,0,ok
2022,4,5,s42256-022-00482-8,2022/05,2022/05/16,14,0,ok
2022,4,5,s42256-022-00483-7,2022/05,2022/05/23,2,0,ok
2022,4,5,s42256-022-00487-3,2022/05,2022/05/30,7,0,ok
2022,4,5,s42256-022-00489-1,2022/05,2022/05/23,0,0,ok
2022,4,5,s42256-022-00491-7,2022/05,2022/05/10,0,0,ok
2022,4,5,s42256-022-00496-2,2022/05,2022/05/30,0,0,ok
2022,4,6,s42256-022-00488-2,2022/06,2022/06/22,0,0,ok
2022,4,6,s42256-022-00490-8,2022/06,2022/05/30,3,0,ok
2022,4,6,s42256-022-00492-6,2022/06,2022/06/02,2,1,ok
2022,4,6,s42256-022-00493-5,2022/06,2022/06/16,1,0,ok
2022,4,6,s42256-022-00494-4,2022/06,2022/06/22,1,0,ok
2022,4,6,s42256-022-00495-3,2022/06,2022/06/22,2,0,ok
2022,4,6,s42256-022-00497-1,2022/06,2022/05/24,0,0,ok
2022,4,6,s42256-022-00498-0,2022/06,2022/06/22,2,0,ok
2022,4,6,s42256-022-00499-z,2022/06,2022/06/22,0,0,ok
2022,4,6,s42256-022-00500-9,2022/06,2022/06/22,3,0,ok
2022,4,6,s42256-022-00504-5,2022/06,2022/06/14,0,0,ok
2022,4,6,s42256-022-00507-2,2022/06,2022/06/22,0,0,ok
2022,4,7,s42256-022-00501-8,2022/07,2022/06/23,1,0,ok
2022,4,7,s42256-022-00502-7,2022/07,2022/07/04,8,0,ok
2022,4,7,s42256-022-00503-6,2022/07,2022/06/30,13,0,ok
2022,4,7,s42256-022-00505-4,2022/07,2022/07/18,3,0,ok
2022,4,7,s42256-022-00508-1,2022/07,2022/07/11,0,0,ok
2022,4,7,s42256-022-00509-0,2022/07,2022/07/20,1,0,ok
2022,4,7,s42256-022-00511-6,2022/07,2022/07/12,0,0,ok
2022,4,7,s42256-022-00512-5,2022/07,2022/07/20,0,0,ok
2022,4,7,s42256-022-00513-4,2022/07,2022/07/20,0,0,ok
2022,4,7,s42256-022-00514-3,2022/07,2022/07/20,0,0,ok
2022,4,7,s42256-022-00517-0,2022/07,2022/07/20,0,0,ok
2022,4,8,s42256-022-00506-3,2022/08,2022/08/04,0,0,ok
2022,4,8,s42256-022-00510-7,2022/08,2022/07/21,8,0,ok
2022,4,8,s42256-022-00515-2,2022/08,2022/08/25,1,0,ok
2022,4,8,s42256-022-00516-1,2022/08,2022/08/17,1,0,ok
2022,4,8,s42256-022-00518-z,2022/08,2022/08/25,6,0,ok
2022,4,8,s42256-022-00519-y,2022/08,2022/08/30,2,0,ok
2022,4,8,s42256-022-00521-4,2022/08,2022/08/09,0,0,ok
2022,4,8,s42256-022-00522-3,2022/08,2022/07/20,0,0,ok
2022,4,8,s42256-022-00523-2,2022/08,2022/08/12,0,0,ok
2022,4,8,s42256-022-00524-1,2022/08,2022/08/03,0,0,ok
2022,4,8,s42256-022-00529-w,2022/08,2022/08/30,0,0,ok
2022,4,9,s42256-022-00520-5,2022/09,2022/09/08,1,0,ok
2022,4,9,s42256-022-00525-0,2022/09,2022/09/15,1,0,ok
2022,4,9,s42256-022-00526-z,2022/09,2022/09/15,1,0,ok
2022,4,9,s42256-022-00527-y,2022/09,2022/09/15,3,0,ok
2022,4,9,s42256-022-00528-x,2022/09,2022/09/16,0,0,ok
2022,4,9,s42256-022-00530-3,2022/09,2022/09/16,17,0,ok
2022,4,9,s42256-022-00531-2,2022/09,2022/09/22,9,0,ok
2022,4,9,s42256-022-00533-0,2022/09,2022/09/22,0,0,ok
2022,4,9,s42256-022-00539-8,2022/09,2022/09/22,0,0,ok
2022,4,10,s42256-022-00532-1,2022/10,2022/09/26,1,0,ok
2022,4,10,s42256-022-00534-z,2022/10,2022/09/26,9,0,ok
2022,4,10,s42256-022-00535-y,2022/10,2022/10/06,0,0,ok
2022,4,10,s42256-022-00536-x,2022/10,2022/10/10,2,0,ok
2022,4,10,s42256-022-00537-w,2022/10,2022/09/29,0,0,ok
2022,4,10,s42256-022-00538-9,2022/10,2022/10/21,4,2,ok
2022,4,10,s42256-022-00540-1,2022/10,2022/10/03,2,0,ok
2022,4,10,s42256-022-00541-0,2022/10,2022/10/17,4,0,ok
2022,4,10,s42256-022-00543-y,2022/10,2022/10/17,9,0,ok
2022,4,10,s42256-022-00544-x,2022/10,2022/10/17,0,0,ok
2022,4,10,s42256-022-00546-9,2022/10,2022/10/07,0,0,ok
2022,4,10,s42256-022-00548-7,2022/10,2022/09/21,0,0,ok
2022,4,10,s42256-022-00554-9,2022/10,2022/10/21,0,0,ok
2022,4,11,s42256-022-00542-z,2022/11,2022/11/07,1,0,ok
2022,4,11,s42256-022-00545-w,2022/11,2022/10/27,2,0,ok
2022,4,11,s42256-022-00547-8,2022/11,2022/10/31,1,0,ok
2022,4,11,s42256-022-00549-6,2022/11,2022/11/15,0,0,ok
2022,4,11,s42256-022-00550-z,2022/11,2022/10/24,2,0,ok
2022,4,11,s42256-022-00551-y,2022/11,2022/11/15,0,0,ok
2022,4,11,s42256-022-00552-x,2022/11,2022/11/15,1,0,ok
2022,4,11,s42256-022-00553-w,2022/11,2022/11/07,4,0,ok
2022,4,11,s42256-022-00556-7,2022/11,2022/11/15,0,0,ok
2022,4,11,s42256-022-00557-6,2022/11,2022/11/17,21,0,ok
2022,4,11,s42256-022-00558-5,2022/11,2022/11/15,0,0,ok
2022,4,11,s42256-022-00559-4,2022/11,2022/11/15,0,0,ok
2022,4,11,s42256-022-00560-x,2022/11,2022/11/16,2,0,ok
2022,4,11,s42256-022-00561-w,2022/11,2022/11/15,3,0,ok
2022,4,11,s42256-022-00562-9,2022/11,2022/11/07,0,0,ok
2022,4,11,s42256-022-00565-6,2022/11,2022/10/19,0,0,ok
2022,4,11,s42256-022-00578-1,2022/11,2022/11/17,0,0,ok
2022,4,11,s42256-022-00586-1,2022/11,2022/11/15,0,0,ok
2022,4,12,s42256-022-00555-8,2022/12,2022/12/08,1,0,ok
2022,4,12,s42256-022-00563-8,2022/12,2022/12/01,5,0,ok
2022,4,12,s42256-022-00564-7,2022/12,2022/12/05,1,0,ok
2022,4,12,s42256-022-00566-5,2022/12,2022/12/08,2,0,ok
2022,4,12,s42256-022-00567-4,2022/12,2022/11/25,0,0,ok
2022,4,12,s42256-022-00568-3,2022/12,2022/12/05,1,0,ok
2022,4,12,s42256-022-00569-2,2022/12,2022/12/01,1,0,ok
2022,4,12,s42256-022-00570-9,2022/12,2022/12/05,5,0,ok
2022,4,12,s42256-022-00571-8,2022/12,2022/12/14,9,0,ok
2022,4,12,s42256-022-00572-7,2022/12,2022/12/12,0,0,ok
2022,4,12,s42256-022-00573-6,2022/12,2022/12/14,0,0,ok
2022,4,12,s42256-022-00574-5,2022/12,2022/12/08,7,0,ok
2022,4,12,s42256-022-00575-4,2022/12,2022/12/08,2,0,ok
2022,4,12,s42256-022-00576-3,2022/12,2022/12/14,9,0,ok
2022,4,12,s42256-022-00577-2,2022/12,2022/12/19,10,0,ok
2022,4,12,s42256-022-00579-0,2022/12,2022/12/12,1,0,ok
2022,4,12,s42256-022-00580-7,2022/12,2022/12/21,1,0,ok
2022,4,12,s42256-022-00581-6,2022/12,2022/12/14,11,0,ok
2022,4,12,s42256-022-00582-5,2022/12,2022/12/07,0,0,ok
2022,4,12,s42256-022-00585-2,2022/12,2022/12/14,0,0,ok
2022,4,12,s42256-022-00591-4,2022/12,2022/12/20,0,0,ok
2022,4,12,s42256-022-00592-3,2022/12,2022/12/19,0,0,ok
2022,4,12,s42256-022-00597-y,2022/12,2022/11/29,0,0,ok
2022,4,12,s42256-022-00598-x,2022/12,2022/12/19,0,0,ok
2023,5,1,s42256-022-00583-4,2023/01,2023/01/25,2,0,ok
2023,5,1,s42256-022-00584-3,2023/01,2023/01/16,2,0,ok
2023,5,1,s42256-022-00587-0,2023/01,2022/12/30,0,0,ok
2023,5,1,s42256-022-00588-z,2023/01,2022/12/30,0,0,ok
2023,5,1,s42256-022-00589-y,2023/01,2022/12/30,0,0,ok
2023,5,1,s42256-022-00590-5,2023/01,2022/12/30,0,0,ok
2023,5,1,s42256-022-00593-2,2023/01,2023/01/23,2,0,ok
2023,5,1,s42256-022-00594-1,2023/01,2022/12/12,0,0,ok
2023,5,1,s42256-022-00595-0,2023/01,2023/01/16,14,0,ok
2023,5,1,s42256-022-00596-z,2023/01,2023/01/25,0,0,ok
2023,5,1,s42256-022-00599-w,2023/01,2023/01/25,2,0,ok
2023,5,1,s42256-022-00600-6,2023/01,2023/01/12,0,0,ok
2023,5,1,s42256-022-00601-5,2023/01,2023/01/25,0,0,ok
2023,5,1,s42256-022-00602-4,2023/01,2023/01/17,0,0,ok
2023,5,1,s42256-023-00608-6,2023/01,2023/01/11,0,0,ok
2023,5,1,s42256-023-00613-9,2023/01,2023/01/20,0,0,ok
2023,5,2,s42256-022-00603-3,2023/02,2023/01/26,0,0,ok
2023,5,2,s42256-022-00604-2,2023/02,2023/02/13,4,0,ok
2023,5,2,s42256-022-00605-1,2023/02,2023/02/02,4,0,ok
2023,5,2,s42256-022-00606-0,2023/02,2023/01/26,0,0,ok
2023,5,2,s42256-022-00607-z,2023/02,2023/02/02,5,0,ok
2023,5,2,s42256-023-00609-5,2023/02,2023/02/13,10,0,ok
2023,5,2,s42256-023-00610-y,2023/02,2023/02/23,5,1,ok
2023,5,2,s42256-023-00611-x,2023/02,2023/02/20,1,0,ok
2023,5,2,s42256-023-00614-8,2023/02,2023/02/07,0,0,ok
2023,5,2,s42256-023-00615-7,2023/02,2023/02/23,0,0,ok
2023,5,2,s42256-023-00616-6,2023/02,2023/02/23,7,0,ok
2023,5,2,s42256-023-00631-7,2023/02,2023/02/23,0,0,ok
2023,5,3,s42256-023-00612-w,2023/03,2023/03/09,2,0,ok
2023,5,3,s42256-023-00617-5,2023/03,2023/03/23,0,0,ok
2023,5,3,s42256-023-00618-4,2023/03,2023/03/23,0,0,ok
2023,5,3,s42256-023-00619-3,2023/03,2023/03/06,3,0,ok
2023,5,3,s42256-023-00620-w,2023/03,2023/03/13,2,0,ok
2023,5,3,s42256-023-00621-9,2023/03,2023/02/28,0,0,ok
2023,5,3,s42256-023-00622-8,2023/03,2023/02/23,2,0,ok
2023,5,3,s42256-023-00623-7,2023/03,2023/03/13,0,0,ok
2023,5,3,s42256-023-00625-5,2023/03,2023/03/02,2,0,ok
2023,5,3,s42256-023-00626-4,2023/03,2023/03/02,1,0,ok
2023,5,3,s42256-023-00627-3,2023/03,2023/03/13,16,0,ok
2023,5,3,s42256-023-00628-2,2023/03,2023/03/13,1,0,ok
2023,5,3,s42256-023-00629-1,2023/03,2023/03/20,1,0,ok
2023,5,3,s42256-023-00643-3,2023/03,2023/03/23,0,0,ok
2023,5,4,s42256-023-00624-6,2023/04,2023/04/03,1,0,ok
2023,5,4,s42256-023-00630-8,2023/04,2023/03/09,1,0,ok
2023,5,4,s42256-023-00632-6,2023/04,2023/03/16,3,0,ok
2023,5,4,s42256-023-00633-5,2023/04,2023/04/06,0,0,ok
2023,5,4,s42256-023-00634-4,2023/04,2023/03/27,2,0,ok
2023,5,4,s42256-023-00635-3,2023/04,2023/04/03,10,0,ok
2023,5,4,s42256-023-00636-2,2023/04,2023/04/03,2,0,ok
2023,5,4,s42256-023-00638-0,2023/04,2023/04/06,1,0,ok
2023,5,4,s42256-023-00639-z,2023/04,2023/04/06,1,0,ok
2023,5,4,s42256-023-00640-6,2023/04,2023/04/24,5,0,ok
2023,5,4,s42256-023-00641-5,2023/04,2023/03/31,0,0,ok
2023,5,4,s42256-023-00642-4,2023/04,2023/04/10,6,0,ok
2023,5,4,s42256-023-00644-2,2023/04,2023/03/31,0,0,ok
2023,5,4,s42256-023-00645-1,2023/04,2023/04/24,0,0,ok
2023,5,4,s42256-023-00655-z,2023/04,2023/04/24,0,0,ok
2023,5,5,s42256-023-00637-1,2023/05,2023/04/06,0,0,ok
2023,5,5,s42256-023-00646-0,2023/05,2023/05/04,1,0,ok
2023,5,5,s42256-023-00648-y,2023/05,2023/05/04,1,0,ok
2023,5,5,s42256-023-00649-x,2023/05,2023/04/17,0,0,ok
2023,5,5,s42256-023-00650-4,2023/05,2023/05/08,3,0,ok
2023,5,5,s42256-023-00651-3,2023/05,2023/04/28,0,0,ok
2023,5,5,s42256-023-00653-1,2023/05,2023/05/04,1,0,ok
2023,5,5,s42256-023-00654-0,2023/05,2023/05/04,3,0,ok
2023,5,5,s42256-023-00656-y,2023/05,2023/05/08,3,0,ok
2023,5,5,s42256-023-00658-w,2023/05,2023/05/16,0,0,ok
2023,5,5,s42256-023-00659-9,2023/05,2023/05/23,0,0,ok
2023,5,5,s42256-023-00660-2,2023/05,2023/05/23,0,0,ok
2023,5,5,s42256-023-00678-6,2023/05,2023/05/23,0,0,ok
2023,5,6,s42256-023-00647-z,2023/06,2023/06/01,1,0,ok
2023,5,6,s42256-023-00657-x,2023/06,2023/05/22,1,0,ok
2023,5,6,s42256-023-00661-1,2023/06,2023/05/25,0,0,ok
2023,5,6,s42256-023-00662-0,2023/06,2023/06/01,0,0,ok
2023,5,6,s42256-023-00663-z,2023/06,2023/05/29,2,0,ok
2023,5,6,s42256-023-00664-y,2023/06,2023/06/07,0,0,ok
2023,5,6,s42256-023-00666-w,2023/06,2023/06/01,0,0,ok
2023,5,6,s42256-023-00667-9,2023/06,2023/06/05,1,0,ok
2023,5,6,s42256-023-00668-8,2023/06,2023/06/12,1,0,ok
2023,5,6,s42256-023-00669-7,2023/06,2023/06/07,1,0,ok
2023,5,6,s42256-023-00671-z,2023/06,2023/05/29,6,0,ok
2023,5,6,s42256-023-00672-y,2023/06,2023/06/08,0,0,ok
2023,5,6,s42256-023-00673-x,2023/06,2023/06/22,0,0,ok
2023,5,6,s42256-023-00674-w,2023/06,2023/06/12,0,0,ok
2023,5,6,s42256-023-00676-8,2023/06,2023/06/12,10,0,ok
2023,5,6,s42256-023-00677-7,2023/06,2023/06/22,2,0,ok
2023,5,6,s42256-023-00681-x,2023/06,2023/06/06,0,0,ok
2023,5,6,s42256-023-00686-6,2023/06,2023/06/22,0,0,ok
2023,5,7,s42256-023-00652-2,2023/07,2023/07/17,1,0,ok
2023,5,7,s42256-023-00665-x,2023/07,2023/06/01,0,0,ok
2023,5,7,s42256-023-00670-0,2023/07,2023/06/12,0,0,ok
2023,5,7,s42256-023-00679-5,2023/07,2023/06/22,3,0,ok
2023,5,7,s42256-023-00680-y,2023/07,2023/06/22,2,0,ok
2023,5,7,s42256-023-00682-w,2023/07,2023/07/13,15,1,ok
2023,5,7,s42256-023-00683-9,2023/07,2023/07/06,2,0,ok
2023,5,7,s42256-023-00684-8,2023/07,2023/07/17,2,0,ok
2023,5,7,s42256-023-00685-7,2023/07,2023/07/17,1,0,ok
2023,5,7,s42256-023-00687-5,2023/07,2023/07/21,4,0,ok
2023,5,7,s42256-023-00688-4,2023/07,2023/07/10,1,0,ok
2023,5,7,s42256-023-00690-w,2023/07,2023/07/12,0,0,ok
2023,5,7,s42256-023-00693-7,2023/07,2023/06/28,0,0,ok
2023,5,7,s42256-023-00703-8,2023/07,2023/07/21,0,0,ok
2023,5,8,s42256-023-00689-3,2023/08,2023/07/27,8,0,ok
2023,5,8,s42256-023-00691-9,2023/08,2023/07/20,9,0,ok
2023,5,8,s42256-023-00692-8,2023/08,2023/07/27,2,0,ok
2023,5,8,s42256-023-00694-6,2023/08,2023/07/20,5,0,ok
2023,5,8,s42256-023-00695-5,2023/08,2023/07/28,0,0,ok
2023,5,8,s42256-023-00697-3,2023/08,2023/07/31,2,0,ok
2023,5,8,s42256-023-00698-2,2023/08,2023/08/10,0,0,ok
2023,5,8,s42256-023-00699-1,2023/08,2023/08/09,0,0,ok
2023,5,8,s42256-023-00700-x,2023/08,2023/08/14,1,0,ok
2023,5,8,s42256-023-00701-w,2023/08,2023/08/21,6,0,ok
2023,5,8,s42256-023-00702-9,2023/08,2023/08/10,8,0,ok
2023,5,8,s42256-023-00704-7,2023/08,2023/08/07,2,0,ok
2023,5,8,s42256-023-00705-6,2023/08,2023/08/21,0,0,ok
2023,5,8,s42256-023-00706-5,2023/08,2023/08/21,0,0,ok
2023,5,8,s42256-023-00710-9,2023/08,2023/08/21,0,0,ok
2023,5,8,s42256-023-00713-6,2023/08,2023/08/08,0,0,ok
2023,5,9,s42256-023-00707-4,2023/09,2023/08/14,9,0,ok
2023,5,9,s42256-023-00708-3,2023/09,2023/08/17,2,0,ok
2023,5,9,s42256-023-00709-2,2023/09,2023/09/07,4,0,ok
2023,5,9,s42256-023-00711-8,2023/09,2023/09/20,2,0,ok
2023,5,9,s42256-023-00712-7,2023/09,2023/09/07,1,0,ok
2023,5,9,s42256-023-00715-4,2023/09,2023/09/07,1,0,ok
2023,5,9,s42256-023-00716-3,2023/09,2023/09/14,4,0,ok
2023,5,9,s42256-023-00717-2,2023/09,2023/09/11,0,0,ok
2023,5,9,s42256-023-00718-1,2023/09,2023/09/14,2,0,ok
2023,5,9,s42256-023-00730-5,2023/09,2023/09/20,0,0,ok
2023,5,10,s42256-023-00714-5,2023/10,2023/10/05,1,0,ok
2023,5,10,s42256-023-00719-0,2023/10,2023/10/02,1,0,ok
2023,5,10,s42256-023-00720-7,2023/10,2023/10/02,5,0,ok
2023,5,10,s42256-023-00721-6,2023/10,2023/10/09,2,0,ok
2023,5,10,s42256-023-00722-5,2023/10,2023/10/05,2,1,ok
2023,5,10,s42256-023-00723-4,2023/10,2023/09/28,10,0,ok
2023,5,10,s42256-023-00724-3,2023/10,2023/10/02,3,0,ok
2023,5,10,s42256-023-00725-2,2023/10,2023/10/05,1,0,ok
2023,5,10,s42256-023-00726-1,2023/10,2023/10/19,1,0,ok
2023,5,10,s42256-023-00727-0,2023/10,2023/10/05,1,0,ok
2023,5,10,s42256-023-00728-z,2023/10,2023/10/05,12,0,ok
2023,5,10,s42256-023-00729-y,2023/10,2023/10/19,3,1,ok
2023,5,10,s42256-023-00732-3,2023/10,2023/10/04,0,0,ok
2023,5,10,s42256-023-00733-2,2023/10,2023/10/09,0,0,ok
2023,5,10,s42256-023-00755-w,2023/10,2023/10/19,0,0,ok
2023,5,11,s42256-023-00731-4,2023/11,2023/10/09,5,0,ok
2023,5,11,s42256-023-00734-1,2023/11,2023/10/19,6,0,ok
2023,5,11,s42256-023-00735-0,2023/11,2023/10/16,0,0,ok
2023,5,11,s42256-023-00736-z,2023/11,2023/11/09,11,0,ok
2023,5,11,s42256-023-00737-y,2023/11,2023/10/19,7,0,ok
2023,5,11,s42256-023-00738-x,2023/11,2023/10/19,1,0,ok
2023,5,11,s42256-023-00739-w,2023/11,2023/10/26,9,0,ok
2023,5,11,s42256-023-00740-3,2023/11,2023/10/23,1,0,ok
2023,5,11,s42256-023-00741-2,2023/11,2023/10/19,3,0,ok
2023,5,11,s42256-023-00742-1,2023/11,2023/10/18,0,0,ok
2023,5,11,s42256-023-00743-0,2023/11,2023/11/17,0,0,ok
2023,5,11,s42256-023-00744-z,2023/11,2023/10/26,1,0,ok
2023,5,11,s42256-023-00745-y,2023/11,2023/10/26,3,0,ok
2023,5,11,s42256-023-00746-x,2023/11,2023/11/06,1,0,ok
2023,5,11,s42256-023-00750-1,2023/11,2023/11/10,0,0,ok
2023,5,11,s42256-023-00754-x,2023/11,2023/11/17,0,0,ok
2023,5,11,s42256-023-00769-4,2023/11,2023/11/17,0,0,ok
2023,5,12,s42256-023-00747-w,2023/12,2023/11/16,2,0,ok
2023,5,12,s42256-023-00748-9,2023/12,2023/11/20,2,0,ok
2023,5,12,s42256-023-00749-8,2023/12,2023/11/17,2,0,ok
2023,5,12,s42256-023-00751-0,2023/12,2023/11/06,1,0,ok
2023,5,12,s42256-023-00752-z,2023/12,2023/11/02,6,0,ok
2023,5,12,s42256-023-00753-y,2023/12,2023/11/13,1,0,ok
2023,5,12,s42256-023-00756-9,2023/12,2023/11/13,5,0,ok
2023,5,12,s42256-023-00757-8,2023/12,2023/11/16,6,0,ok
2023,5,12,s42256-023-00758-7,2023/12,2023/11/13,0,0,ok
2023,5,12,s42256-023-00759-6,2023/12,2023/12/18,3,0,ok
2023,5,12,s42256-023-00760-z,2023/12,2023/12/18,0,0,ok
2023,5,12,s42256-023-00761-y,2023/12,2023/12/04,1,0,ok
2023,5,12,s42256-023-00762-x,2023/12,2023/12/11,5,0,ok
2023,5,12,s42256-023-00764-9,2023/12,2023/12/05,1,0,ok
2023,5,12,s42256-023-00765-8,2023/12,2023/12/12,2,0,ok
2023,5,12,s42256-023-00766-7,2023/12,2023/12/18,0,0,ok
2023,5,12,s42256-023-00767-6,2023/12,2023/12/18,1,0,ok
2023,5,12,s42256-023-00768-5,2023/12,2023/12/18,0,0,ok
2023,5,12,s42256-023-00771-w,2023/12,2023/12/18,0,0,ok
2023,5,12,s42256-023-00782-7,2023/12,2023/12/18,0,0,ok
2024,6,1,s42256-023-00763-w,2024/01,2023/11/30,2,0,ok
2024,6,1,s42256-023-00770-x,2024/01,2023/12/27,0,0,ok
2024,6,1,s42256-023-00772-9,2024/01,2024/01/08,1,0,ok
2024,6,1,s42256-023-00774-7,2024/01,2024/01/15,0,0,ok
2024,6,1,s42256-023-00775-6,2024/01,2024/01/15,1,0,ok
2024,6,1,s42256-023-00776-5,2024/01,2024/01/08,10,0,ok
2024,6,1,s42256-023-00778-3,2024/01,2024/01/15,4,0,ok
2024,6,1,s42256-023-00779-2,2024/01,2024/01/10,12,0,ok
2024,6,1,s42256-023-00780-9,2024/01,2024/01/12,13,0,ok
2024,6,1,s42256-023-00781-8,2024/01,2024/01/24,1,0,ok
2024,6,1,s42256-023-00783-6,2024/01,2024/01/17,0,0,ok
2024,6,1,s42256-023-00784-5,2024/01,2024/01/24,0,0,ok
2024,6,1,s42256-023-00786-3,2024/01,2023/12/18,0,0,ok
2024,6,1,s42256-024-00796-9,2024/01,2024/01/24,0,0,ok
2024,6,2,s42256-023-00773-8,2024/02,2024/02/07,2,0,ok
2024,6,2,s42256-023-00785-4,2024/02,2024/02/20,0,0,ok
2024,6,2,s42256-023-00787-2,2024/02,2024/01/23,9,0,ok
2024,6,2,s42256-023-00788-1,2024/02,2024/02/06,1,0,ok
2024,6,2,s42256-024-00789-8,2024/02,2024/02/06,0,0,ok
2024,6,2,s42256-024-00790-1,2024/02,2024/02/13,1,0,ok
2024,6,2,s42256-024-00791-0,2024/02,2024/02/23,2,0,ok
2024,6,2,s42256-024-00792-z,2024/02,2024/02/12,2,0,ok
2024,6,2,s42256-024-00793-y,2024/02,2024/02/16,2,0,ok
2024,6,2,s42256-024-00794-x,2024/02,2024/02/13,1,0,ok
2024,6,2,s42256-024-00795-w,2024/02,2024/02/14,1,0,ok
2024,6,2,s42256-024-00797-8,2024/02,2024/02/15,1,0,ok
2024,6,2,s42256-024-00799-6,2024/02,2024/02/13,0,0,ok
2024,6,2,s42256-024-00806-w,2024/02,2024/02/23,0,0,ok
2024,6,3,s42256-024-00798-7,2024/03,2024/02/15,0,0,ok
2024,6,3,s42256-024-00800-2,2024/03,2024/03/22,1,0,ok
2024,6,3,s42256-024-00801-1,2024/03,2024/03/11,4,0,ok
2024,6,3,s42256-024-00802-0,2024/03,2024/03/07,2,0,ok
2024,6,3,s42256-024-00803-z,2024/03,2024/02/28,2,0,ok
2024,6,3,s42256-024-00804-y,2024/03,2024/03/05,1,0,ok
2024,6,3,s42256-024-00805-x,2024/03,2024/03/20,0,0,ok
2024,6,3,s42256-024-00807-9,2024/03,2024/03/15,1,0,ok
2024,6,3,s42256-024-00808-8,2024/03,2024/03/11,2,0,ok
2024,6,3,s42256-024-00809-7,2024/03,2024/03/22,5,0,ok
2024,6,3,s42256-024-00811-z,2024/03,2024/03/08,0,0,ok
2024,6,3,s42256-024-00812-y,2024/03,2024/03/13,0,0,ok
2024,6,3,s42256-024-00819-5,2024/03,2024/03/11,0,0,ok
2024,6,3,s42256-024-00826-6,2024/03,2024/03/22,0,0,ok
2024,6,4,s42256-024-00810-0,2024/04,2024/04/17,9,0,ok
2024,6,4,s42256-024-00813-x,2024/04,2024/03/18,0,0,ok
2024,6,4,s42256-024-00814-w,2024/04,2024/04/01,1,0,ok
2024,6,4,s42256-024-00815-9,2024/04,2024/04/11,2,0,ok
2024,6,4,s42256-024-00816-8,2024/04,2024/04/05,2,0,ok
2024,6,4,s42256-024-00817-7,2024/04,2024/04/04,0,0,ok
2024,6,4,s42256-024-00818-6,2024/04,2024/04/05,3,0,ok
2024,6,4,s42256-024-00820-y,2024/04,2024/04/23,0,0,ok
2024,6,4,s42256-024-00821-x,2024/04,2024/03/29,1,0,ok
2024,6,4,s42256-024-00822-w,2024/04,2024/04/04,1,0,ok
2024,6,4,s42256-024-00823-9,2024/04,2024/04/05,5,0,ok
2024,6,4,s42256-024-00824-8,2024/04,2024/04/08,4,0,ok
2024,6,4,s42256-024-00825-7,2024/04,2024/04/19,6,0,ok
2024,6,4,s42256-024-00827-5,2024/04,2024/04/22,0,0,ok
2024,6,4,s42256-024-00828-4,2024/04,2024/04/19,0,0,ok
2024,6,4,s42256-024-00834-6,2024/04,2024/04/12,0,0,ok
2024,6,4,s42256-024-00835-5,2024/04,2024/04/24,0,0,ok
2024,6,5,s42256-024-00829-3,2024/05,2024/05/02,5,0,ok
2024,6,5,s42256-024-00831-9,2024/05,2024/05/20,0,0,ok
2024,6,5,s42256-024-00832-8,2024/05,2024/05/08,3,0,ok
2024,6,5,s42256-024-00836-4,2024/05,2024/05/13,2,0,ok
2024,6,5,s42256-024-00837-3,2024/05,2024/05/08,4,0,ok
2024,6,5,s42256-024-00838-2,2024/05,2024/05/23,10,0,ok
2024,6,5,s42256-024-00839-1,2024/05,2024/05/17,1,0,ok
2024,6,5,s42256-024-00840-8,2024/05,2024/05/10,0,0,ok
2024,6,5,s42256-024-00841-7,2024/05,2024/05/15,0,0,ok
2024,6,5,s42256-024-00842-6,2024/05,2024/05/17,0,0,ok
2024,6,5,s42256-024-00850-6,2024/05,2024/05/24,0,0,ok
2024,6,6,s42256-024-00833-7,2024/06,2024/05/30,2,0,ok
2024,6,6,s42256-024-00843-5,2024/06,2024/06/18,1,0,ok
2024,6,6,s42256-024-00844-4,2024/06,2024/06/24,1,0,ok
2024,6,6,s42256-024-00845-3,2024/06,2024/06/06,2,0,ok
2024,6,6,s42256-024-00846-2,2024/06,2024/06/27,3,0,ok
2024,6,6,s42256-024-00847-1,2024/06,2024/06/17,5,0,ok
2024,6,6,s42256-024-00848-0,2024/06,2024/06/27,1,0,ok
2024,6,6,s42256-024-00849-z,2024/06,2024/06/06,9,0,ok
2024,6,6,s42256-024-00851-5,2024/06,2024/06/21,2,0,ok
2024,6,6,s42256-024-00852-4,2024/06,2024/06/24,0,0,ok
2024,6,6,s42256-024-00853-3,2024/06,2024/06/24,2,0,ok
2024,6,6,s42256-024-00854-2,2024/06,2024/06/14,8,0,ok
2024,6,6,s42256-024-00859-x,2024/06,2024/06/27,0,0,ok
2024,6,6,s42256-024-00862-2,2024/06,2024/06/27,0,0,ok
2024,6,7,s42256-024-00855-1,2024/07,2024/06/21,2,0,ok
2024,6,7,s42256-024-00856-0,2024/07,2024/07/05,0,0,ok
2024,6,7,s42256-024-00857-z,2024/07,2024/06/21,2,0,ok
2024,6,7,s42256-024-00858-y,2024/07,2024/06/21,2,0,ok
2024,6,7,s42256-024-00860-4,2024/07,2024/06/27,1,0,ok
2024,6,7,s42256-024-00861-3,2024/07,2024/07/05,8,0,ok
2024,6,7,s42256-024-00863-1,2024/07,2024/07/18,2,0,ok
2024,6,7,s42256-024-00864-0,2024/07,2024/07/15,1,0,ok
2024,6,7,s42256-024-00865-z,2024/07,2024/07/11,0,0,ok
2024,6,7,s42256-024-00867-x,2024/07,2024/07/22,5,0,ok
2024,6,7,s42256-024-00869-9,2024/07,2024/07/17,0,0,ok
2024,6,7,s42256-024-00880-0,2024/07,2024/07/24,0,0,ok
2024,6,8,s42256-024-00866-y,2024/08,2024/07/11,2,0,ok
2024,6,8,s42256-024-00868-w,2024/08,2024/07/18,2,0,ok
2024,6,8,s42256-024-00870-2,2024/08,2024/07/12,2,0,ok
2024,6,8,s42256-024-00871-1,2024/08,2024/07/12,1,0,ok
2024,6,8,s42256-024-00872-0,2024/08,2024/07/23,14,0,ok
2024,6,8,s42256-024-00873-z,2024/08,2024/08/05,2,0,ok
2024,6,8,s42256-024-00874-y,2024/08,2024/08/12,1,0,ok
2024,6,8,s42256-024-00875-x,2024/08,2024/07/30,11,0,ok
2024,6,8,s42256-024-00876-w,2024/08,2024/08/14,6,0,ok
2024,6,8,s42256-024-00877-9,2024/08,2024/07/29,0,0,ok
2024,6,8,s42256-024-00878-8,2024/08,2024/08/30,2,0,ok
2024,6,8,s42256-024-00881-z,2024/08,2024/08/22,0,0,ok
2024,6,8,s42256-024-00884-w,2024/08,2024/08/30,0,0,ok
2024,6,8,s42256-024-00885-9,2024/08,2024/08/08,0,0,ok
2024,6,8,s42256-024-00890-y,2024/08,2024/08/02,0,0,ok
2024,6,8,s42256-024-00896-6,2024/08,2024/08/30,0,0,ok
2024,6,9,s42256-024-00879-7,2024/09,2024/09/03,16,1,ok
2024,6,9,s42256-024-00882-y,2024/09,2024/08/09,2,0,ok
2024,6,9,s42256-024-00883-x,2024/09,2024/08/27,3,0,ok
2024,6,9,s42256-024-00886-8,2024/09,2024/08/29,6,0,ok
2024,6,9,s42256-024-00887-7,2024/09,2024/09/20,16,0,ok
2024,6,9,s42256-024-00888-6,2024/09,2024/08/27,6,0,ok
2024,6,9,s42256-024-00889-5,2024/09,2024/09/09,3,0,ok
2024,6,9,s42256-024-00891-x,2024/09,2024/09/11,0,0,ok
2024,6,9,s42256-024-00892-w,2024/09,2024/09/19,4,0,ok
2024,6,9,s42256-024-00893-9,2024/09,2024/09/20,29,0,ok
2024,6,9,s42256-024-00907-6,2024/09,2024/09/20,0,0,ok
2024,6,10,s42256-024-00894-8,2024/10,2024/10/01,4,0,ok
2024,6,10,s42256-024-00895-7,2024/10,2024/09/27,1,0,ok
2024,6,10,s42256-024-00897-5,2024/10,2024/09/25,1,0,ok
2024,6,10,s42256-024-00898-4,2024/10,2024/09/18,1,0,ok
2024,6,10,s42256-024-00899-3,2024/10,2024/09/20,1,0,ok
2024,6,10,s42256-024-00900-z,2024/10,2024/09/18,5,0,ok
2024,6,10,s42256-024-00901-y,2024/10,2024/09/27,2,0,ok
2024,6,10,s42256-024-00902-x,2024/10,2024/10/03,1,0,ok
2024,6,10,s42256-024-00903-w,2024/10,2024/09/26,4,0,ok
2024,6,10,s42256-024-00905-8,2024/10,2024/09/10,0,0,ok
2024,6,10,s42256-024-00906-7,2024/10,2024/10/17,3,0,ok
2024,6,10,s42256-024-00908-5,2024/10,2024/10/07,3,0,ok
2024,6,10,s42256-024-00911-w,2024/10,2024/10/04,0,0,ok
2024,6,10,s42256-024-00921-8,2024/10,2024/10/21,0,0,ok
2024,6,11,s42256-024-00904-9,2024/11,2024/11/19,7,0,ok
2024,6,11,s42256-024-00909-4,2024/11,2024/09/27,2,0,ok
2024,6,11,s42256-024-00910-x,2024/11,2024/10/17,1,0,ok
2024,6,11,s42256-024-00912-9,2024/11,2024/10/30,0,0,ok
2024,6,11,s42256-024-00913-8,2024/11,2024/10/22,10,0,ok
2024,6,11,s42256-024-00914-7,2024/11,2024/11/14,8,0,ok
2024,6,11,s42256-024-00915-6,2024/11,2024/10/23,2,0,ok
2024,6,11,s42256-024-00916-5,2024/11,2024/10/21,3,0,ok
2024,6,11,s42256-024-00917-4,2024/11,2024/11/01,0,0,ok
2024,6,11,s42256-024-00918-3,2024/11,2024/11/19,7,0,ok
2024,6,11,s42256-024-00920-9,2024/11,2024/11/15,6,0,ok
2024,6,11,s42256-024-00922-7,2024/11,2024/11/13,0,0,ok
2024,6,11,s42256-024-00945-0,2024/11,2024/11/22,0,0,ok
2024,6,12,s42256-024-00923-6,2024/12,2024/11/08,8,0,ok
2024,6,12,s42256-024-00924-5,2024/12,2024/11/11,0,0,ok
2024,6,12,s42256-024-00925-4,2024/12,2024/11/26,7,0,ok
2024,6,12,s42256-024-00926-3,2024/12,2024/11/26,0,0,ok
2024,6,12,s42256-024-00927-2,2024/12,2024/11/22,2,0,ok
2024,6,12,s42256-024-00928-1,2024/12,2024/11/19,11,0,ok
2024,6,12,s42256-024-00929-0,2024/12,2024/11/18,0,0,ok
2024,6,12,s42256-024-00930-7,2024/12,2024/11/27,1,0,ok
2024,6,12,s42256-024-00931-6,2024/12,2024/12/06,1,0,ok
2024,6,12,s42256-024-00932-5,2024/12,2024/12/13,2,0,ok
2024,6,12,s42256-024-00933-4,2024/12,2024/10/29,0,0,ok
2024,6,12,s42256-024-00935-2,2024/12,2024/12/18,2,0,ok
2024,6,12,s42256-024-00936-1,2024/12,2024/12/02,0,0,ok
2024,6,12,s42256-024-00937-0,2024/12,2024/11/28,1,0,ok
2024,6,12,s42256-024-00938-z,2024/12,2024/12/06,8,0,ok
2024,6,12,s42256-024-00939-y,2024/12,2024/12/05,8,0,ok
2024,6,12,s42256-024-00940-5,2024/12,2024/12/05,2,0,ok
2024,6,12,s42256-024-00941-4,2024/12,2024/11/27,0,0,ok
2024,6,12,s42256-024-00943-2,2024/12,2024/12/13,2,0,ok
2024,6,12,s42256-024-00944-1,2024/12,2024/12/05,0,0,ok
2024,6,12,s42256-024-00946-z,2024/12,2024/12/09,5,0,ok
2024,6,12,s42256-024-00947-y,2024/12,2024/11/29,0,0,ok
2024,6,12,s42256-024-00948-x,2024/12,2024/12/12,1,0,ok
2024,6,12,s42256-024-00949-w,2024/12,2024/12/12,1,0,ok
2024,6,12,s42256-024-00951-2,2024/12,2024/12/16,0,0,ok
2024,6,12,s42256-024-00952-1,2024/12,2024/12/16,1,0,ok
2024,6,12,s42256-024-00953-0,2024/12,2024/12/05,0,0,ok
2024,6,12,s42256-024-00954-z,2024/12,2024/12/10,0,0,ok
2024,6,12,s42256-024-00955-y,2024/12,2024/12/13,0,0,ok
2024,6,12,s42256-024-00957-w,2024/12,2024/12/04,0,0,ok
2024,6,12,s42256-024-00959-8,2024/12,2024/12/05,0,0,ok
2024,6,12,s42256-024-00967-8,2024/12,2024/12/18,0,0,ok
2024,6,12,s42256-024-00968-7,2024/12,2024/12/18,0,0,ok
2025,7,1,s42256-024-00919-2,2025/01,2024/12/31,17,0,ok
2025,7,1,s42256-024-00934-3,2025/01,2024/12/27,2,0,ok
2025,7,1,s42256-024-00942-3,2025/01,2025/01/23,2,0,ok
2025,7,1,s42256-024-00950-3,2025/01,2024/12/31,2,0,ok
2025,7,1,s42256-024-00956-x,2025/01,2025/01/15,1,0,ok
2025,7,1,s42256-024-00958-9,2025/01,2025/01/02,2,1,ok
2025,7,1,s42256-024-00960-1,2025/01,2025/01/06,3,0,ok
2025,7,1,s42256-024-00961-0,2025/01,2025/01/16,0,0,ok
2025,7,1,s42256-024-00962-z,2025/01,2024/12/13,0,0,ok
2025,7,1,s42256-024-00963-y,2025/01,2025/01/15,2,0,ok
2025,7,1,s42256-024-00964-x,2025/01,2025/01/15,1,0,ok
2025,7,1,s42256-024-00965-w,2025/01,2025/01/13,2,0,ok
2025,7,1,s42256-024-00966-9,2025/01,2025/01/17,6,0,ok
2025,7,1,s42256-024-00969-6,2025/01,2025/01/13,1,0,ok
2025,7,1,s42256-024-00970-z,2025/01,2025/01/13,0,0,ok
2025,7,1,s42256-025-00989-w,2025/01,2025/01/27,0,0,ok
2025,7,2,s42256-024-00971-y,2025/02,2025/01/28,1,0,ok
2025,7,2,s42256-024-00972-x,2025/02,2025/01/15,1,0,ok
2025,7,2,s42256-024-00973-w,2025/02,2025/01/28,7,0,ok
2025,7,2,s42256-024-00974-9,2025/02,2025/01/16,3,0,ok
2025,7,2,s42256-024-00975-8,2025/02,2025/01/27,1,0,ok
2025,7,2,s42256-024-00976-7,2025/02,2025/01/21,5,0,ok
2025,7,2,s42256-024-00977-6,2025/02,2025/01/17,1,0,ok
2025,7,2,s42256-024-00978-5,2025/02,2025/02/06,1,0,ok
2025,7,2,s42256-025-00979-y,2025/02,2025/02/03,0,0,ok
2025,7,2,s42256-025-00981-4,2025/02,2025/02/21,2,0,ok
2025,7,2,s42256-025-00982-3,2025/02,2025/02/13,1,0,ok
2025,7,2,s42256-025-00983-2,2025/02,2025/02/05,7,0,ok
2025,7,2,s42256-025-00984-1,2025/02,2025/02/10,0,0,ok
2025,7,2,s42256-025-00985-0,2025/02,2025/02/17,0,0,ok
2025,7,2,s42256-025-00990-3,2025/02,2025/02/12,0,0,ok
2025,7,2,s42256-025-00992-1,2025/02,2025/02/06,0,0,ok
2025,7,2,s42256-025-00996-x,2025/02,2025/01/21,0,0,ok
2025,7,2,s42256-025-00999-8,2025/02,2025/02/20,0,0,ok
2025,7,2,s42256-025-01004-y,2025/02,2025/02/20,0,0,ok
2025,7,2,s42256-025-01008-8,2025/02,2025/02/24,0,0,ok
2025,7,3,s42256-025-00980-5,2025/03,2025/03/13,1,0,ok
2025,7,3,s42256-025-00986-z,2025/03,2025/02/17,2,0,ok
2025,7,3,s42256-025-00987-y,2025/03,2025/02/13,8,0,ok
2025,7,3,s42256-025-00988-x,2025/03,2025/03/17,10,0,ok
2025,7,3,s42256-025-00991-2,2025/03,2025/03/05,1,0,ok
2025,7,3,s42256-025-00993-0,2025/03,2025/02/13,9,0,ok
2025,7,3,s42256-025-00994-z,2025/03,2025/02/25,11,0,ok
2025,7,3,s42256-025-00995-y,2025/03,2025/02/21,3,0,ok
2025,7,3,s42256-025-00997-w,2025/03,2025/02/20,3,0,ok
2025,7,3,s42256-025-00998-9,2025/03,2025/03/17,1,0,ok
2025,7,3,s42256-025-01000-2,2025/03,2025/03/17,2,0,ok
2025,7,3,s42256-025-01001-1,2025/03,2025/03/20,1,0,ok
2025,7,3,s42256-025-01006-w,2025/03,2025/02/25,6,0,ok
2025,7,3,s42256-025-01007-9,2025/03,2025/03/13,1,0,ok
2025,7,3,s42256-025-01013-x,2025/03,2025/03/03,0,0,ok
2025,7,3,s42256-025-01015-9,2025/03,2025/03/13,0,0,ok
2025,7,3,s42256-025-01017-7,2025/03,2025/03/20,0,0,ok
2025,7,3,s42256-025-01023-9,2025/03,2025/03/24,0,0,ok
2025,7,4,s42256-025-01002-0,2025/04,2025/02/26,5,0,ok
2025,7,4,s42256-025-01003-z,2025/04,2025/02/21,1,0,ok
2025,7,4,s42256-025-01005-x,2025/04,2025/03/19,2,0,ok
2025,7,4,s42256-025-01009-7,2025/04,2025/04/01,1,0,ok
2025,7,4,s42256-025-01010-0,2025/04,2025/04/23,12,0,ok
2025,7,4,s42256-025-01011-z,2025/04,2025/03/27,2,0,ok
2025,7,4,s42256-025-01012-y,2025/04,2025/03/19,7,0,ok
2025,7,4,s42256-025-01014-w,2025/04,2025/03/17,6,0,ok
2025,7,4,s42256-025-01016-8,2025/04,2025/03/24,5,0,ok
2025,7,4,s42256-025-01018-6,2025/04,2025/04/14,12,0,ok
2025,7,4,s42256-025-01019-5,2025/04,2025/03/31,2,0,ok
2025,7,4,s42256-025-01020-y,2025/04,2025/04/17,0,0,ok
2025,7,4,s42256-025-01021-x,2025/04,2025/03/18,0,0,ok
2025,7,4,s42256-025-01022-w,2025/04,2025/03/17,0,0,ok
2025,7,4,s42256-025-01024-8,2025/04,2025/04/23,0,0,ok
2025,7,4,s42256-025-01036-4,2025/04,2025/04/23,0,0,ok
2025,7,5,s42256-025-01025-7,2025/05,2025/04/21,3,0,ok
2025,7,5,s42256-025-01026-6,2025/05,2025/04/29,2,0,ok
2025,7,5,s42256-025-01027-5,2025/05,2025/05/23,12,0,ok
2025,7,5,s42256-025-01028-4,2025/05,2025/04/18,11,0,ok
2025,7,5,s42256-025-01029-3,2025/05,2025/05/19,2,0,ok
2025,7,5,s42256-025-01030-w,2025/05,2025/05/12,1,0,ok
2025,7,5,s42256-025-01031-9,2025/05,2025/05/23,1,0,ok
2025,7,5,s42256-025-01032-8,2025/05,2025/05/13,3,0,ok
2025,7,5,s42256-025-01033-7,2025/05,2025/05/01,1,0,ok
2025,7,5,s42256-025-01034-6,2025/05,2025/05/15,0,0,ok
2025,7,5,s42256-025-01035-5,2025/05,2025/05/19,1,0,ok
2025,7,5,s42256-025-01037-3,2025/05,2025/05/23,0,0,ok
2025,7,5,s42256-025-01057-z,2025/05,2025/05/21,0,0,ok
2025,7,6,s42256-025-01038-2,2025/06,2025/06/20,0,0,ok
2025,7,6,s42256-025-01040-8,2025/06,2025/06/18,2,0,ok
2025,7,6,s42256-025-01041-7,2025/06,2025/06/23,1,0,ok
2025,7,6,s42256-025-01042-6,2025/06,2025/06/16,3,0,ok
2025,7,6,s42256-025-01043-5,2025/06,2025/06/23,0,0,ok
2025,7,6,s42256-025-01044-4,2025/06,2025/06/18,3,0,ok
2025,7,6,s42256-025-01045-3,2025/06,2025/06/23,2,0,ok
2025,7,6,s42256-025-01046-2,2025/06,2025/06/23,7,0,ok
2025,7,6,s42256-025-01047-1,2025/06,2025/06/06,2,0,ok
2025,7,6,s42256-025-01048-0,2025/06,2025/06/16,11,0,ok
2025,7,6,s42256-025-01049-z,2025/06,2025/06/09,2,0,ok
2025,7,6,s42256-025-01050-6,2025/06,2025/06/19,0,0,ok
2025,7,6,s42256-025-01051-5,2025/06,2025/06/06,0,0,ok
2025,7,6,s42256-025-01053-3,2025/06,2025/06/09,3,0,ok
2025,7,6,s42256-025-01055-1,2025/06,2025/06/23,1,0,ok
2025,7,6,s42256-025-01060-4,2025/06,2025/06/16,0,0,ok
2025,7,7,s42256-025-01039-1,2025/07,2025/07/21,4,1,ok
2025,7,7,s42256-025-01052-4,2025/07,2025/07/22,4,0,ok
2025,7,7,s42256-025-01054-2,2025/07,2025/06/26,8,0,ok
2025,7,7,s42256-025-01056-0,2025/07,2025/06/24,6,0,ok
2025,7,7,s42256-025-01058-y,2025/07,2025/07/10,1,0,ok
2025,7,7,s42256-025-01059-x,2025/07,2025/06/18,7,0,ok
2025,7,7,s42256-025-01061-3,2025/07,2025/06/26,0,0,ok
2025,7,7,s42256-025-01062-2,2025/07,2025/07/22,3,0,ok
2025,7,7,s42256-025-01063-1,2025/07,2025/07/22,15,0,ok
2025,7,7,s42256-025-01064-0,2025/07,2025/07/21,2,0,ok
2025,7,7,s42256-025-01065-z,2025/07,2025/07/11,7,0,ok
2025,7,7,s42256-025-01066-y,2025/07,2025/07/01,2,0,ok
2025,7,7,s42256-025-01067-x,2025/07,2025/07/22,3,0,ok
2025,7,7,s42256-025-01068-w,2025/07,2025/07/15,1,0,ok
2025,7,7,s42256-025-01069-9,2025/07,2025/07/22,1,0,ok
2025,7,7,s42256-025-01071-1,2025/07,2025/07/10,0,0,ok
2025,7,7,s42256-025-01075-x,2025/07,2025/07/22,0,0,ok
2025,7,7,s42256-025-01079-7,2025/07,2025/07/14,0,0,ok
2025,7,7,s42256-025-01093-9,2025/07,2025/07/22,0,0,ok
2025,7,7,s42256-025-01094-8,2025/07,2025/07/11,0,0,ok
2025,7,8,s42256-025-01070-2,2025/08,2025/07/14,2,0,ok
2025,7,8,s42256-025-01072-0,2025/08,2025/08/07,2,0,ok
2025,7,8,s42256-025-01073-z,2025/08,2025/07/10,10,0,ok
2025,7,8,s42256-025-01074-y,2025/08,2025/08/04,3,0,ok
2025,7,8,s42256-025-01076-w,2025/08,2025/08/04,5,0,ok
2025,7,8,s42256-025-01077-9,2025/08,2025/08/04,6,0,ok
2025,7,8,s42256-025-01078-8,2025/08,2025/08/04,3,0,ok
2025,7,8,s42256-025-01080-0,2025/08,2025/08/20,0,0,ok
2025,7,8,s42256-025-01081-z,2025/08,2025/07/17,0,0,ok
2025,7,8,s42256-025-01083-x,2025/08,2025/08/04,4,0,ok
2025,7,8,s42256-025-01085-9,2025/08,2025/08/11,3,0,ok
2025,7,8,s42256-025-01087-7,2025/08,2025/08/11,6,0,ok
2025,7,8,s42256-025-01089-5,2025/08,2025/08/20,2,0,ok
2025,7,8,s42256-025-01092-w,2025/08,2025/08/18,0,0,ok
2025,7,8,s42256-025-01095-7,2025/08,2025/08/20,6,0,ok
2025,7,8,s42256-025-01106-7,2025/08,2025/08/20,0,0,ok
2025,7,9,s42256-025-01082-y,2025/09,2025/09/15,2,0,ok
2025,7,9,s42256-025-01084-w,2025/09,2025/08/14,3,1,ok
2025,7,9,s42256-025-01086-8,2025/09,2025/09/22,2,1,ok
2025,7,9,s42256-025-01088-6,2025/09,2025/08/18,2,0,ok
2025,7,9,s42256-025-01090-y,2025/09,2025/09/01,13,0,ok
2025,7,9,s42256-025-01091-x,2025/09,2025/08/15,1,0,ok
2025,7,9,s42256-025-01096-6,2025/09,2025/09/08,2,0,ok
2025,7,9,s42256-025-01097-5,2025/09,2025/08/21,7,0,ok
2025,7,9,s42256-025-01098-4,2025/09,2025/08/19,2,0,ok
2025,7,9,s42256-025-01099-3,2025/09,2025/08/26,2,0,ok
2025,7,9,s42256-025-01100-z,2025/09,2025/09/24,2,0,ok
2025,7,9,s42256-025-01101-y,2025/09,2025/08/25,1,0,ok
2025,7,9,s42256-025-01102-x,2025/09,2025/09/08,0,0,ok
2025,7,9,s42256-025-01103-w,2025/09,2025/09/08,5,0,ok
2025,7,9,s42256-025-01104-9,2025/09,2025/09/18,1,0,ok
2025,7,9,s42256-025-01105-8,2025/09,2025/09/22,6,0,ok
2025,7,9,s42256-025-01108-5,2025/09,2025/09/04,0,0,ok
2025,7,9,s42256-025-01109-4,2025/09,2025/09/15,0,0,ok
2025,7,9,s42256-025-01110-x,2025/09,2025/09/10,0,0,ok
2025,7,9,s42256-025-01117-4,2025/09,2025/09/02,0,0,ok
2025,7,9,s42256-025-01128-1,2025/09,2025/09/17,0,0,ok
2025,7,10,s42256-025-01107-6,2025/10,2025/09/08,4,0,ok
2025,7,10,s42256-025-01111-w,2025/10,2025/10/21,11,0,ok
2025,7,10,s42256-025-01112-9,2025/10,2025/09/10,1,0,ok
2025,7,10,s42256-025-01114-7,2025/10,2025/09/23,0,0,ok
2025,7,10,s42256-025-01116-5,2025/10,2025/10/21,3,0,ok
2025,7,10,s42256-025-01118-3,2025/10,2025/09/29,0,0,ok
2025,7,10,s42256-025-01119-2,2025/10,2025/10/21,13,0,ok
2025,7,10,s42256-025-01120-9,2025/10,2025/10/01,7,0,ok
2025,7,10,s42256-025-01121-8,2025/10,2025/10/20,0,0,ok
2025,7,10,s42256-025-01123-6,2025/10,2025/10/13,0,0,ok
2025,7,10,s42256-025-01124-5,2025/10,2025/10/21,9,0,ok
2025,7,10,s42256-025-01125-4,2025/10,2025/10/16,1,0,ok
2025,7,10,s42256-025-01126-3,2025/10,2025/10/15,6,0,ok
2025,7,10,s42256-025-01127-2,2025/10,2025/10/20,2,0,ok
2025,7,10,s42256-025-01129-0,2025/10,2025/10/24,1,0,ok
2025,7,10,s42256-025-01131-6,2025/10,2025/10/16,4,0,ok
2025,7,10,s42256-025-01132-5,2025/10,2025/10/13,0,0,ok
2025,7,10,s42256-025-01133-4,2025/10,2025/10/16,0,0,ok
2025,7,10,s42256-025-01139-y,2025/10,2025/10/21,0,0,ok
2025,7,11,s42256-025-01113-8,2025/11,2025/11/03,1,0,ok
2025,7,11,s42256-025-01122-7,2025/11,2025/11/19,4,0,ok
2025,7,11,s42256-025-01130-7,2025/11,2025/11/06,1,0,ok
2025,7,11,s42256-025-01134-3,2025/11,2025/10/16,0,0,ok
2025,7,11,s42256-025-01136-1,2025/11,2025/10/23,8,0,ok
2025,7,11,s42256-025-01137-0,2025/11,2025/11/06,1,0,ok
2025,7,11,s42256-025-01138-z,2025/11,2025/10/16,1,0,ok
2025,7,11,s42256-025-01140-5,2025/11,2025/11/14,5,0,ok
2025,7,11,s42256-025-01141-4,2025/11,2025/11/19,7,0,ok
2025,7,11,s42256-025-01142-3,2025/11,2025/11/13,2,0,ok
2025,7,11,s42256-025-01143-2,2025/11,2025/11/13,3,0,ok
2025,7,11,s42256-025-01144-1,2025/11,2025/11/13,1,0,ok
2025,7,11,s42256-025-01145-0,2025/11,2025/11/13,0,0,ok
2025,7,12,s42256-025-01115-6,2025/12,2025/12/18,2,0,ok
2025,7,12,s42256-025-01135-2,2025/12,2025/12/01,1,0,ok
2025,7,12,s42256-025-01146-z,2025/12,2025/11/28,0,0,ok
2025,7,12,s42256-025-01148-x,2025/12,2025/12/10,1,0,ok
2025,7,12,s42256-025-01149-w,2025/12,2025/12/09,1,0,ok
2025,7,12,s42256-025-01150-3,2025/12,2025/12/18,2,0,ok
2025,7,12,s42256-025-01151-2,2025/12,2025/12/18,3,0,ok
2025,7,12,s42256-025-01154-z,2025/12,2025/12/12,2,0,ok
2025,7,12,s42256-025-01155-y,2025/12,2025/12/04,0,0,ok
2025,7,12,s42256-025-01156-x,2025/12,2025/12/17,2,0,ok
2025,7,12,s42256-025-01157-w,2025/12,2025/12/09,0,0,ok
2025,7,12,s42256-025-01158-9,2025/12,2025/12/17,0,0,ok
2025,7,12,s42256-025-01159-8,2025/12,2025/12/12,0,0,ok
