File,Total Matches,abstract_matches,acknowledgements_matches,conclusion_matches,experiments_matches,methods_matches,other_matches,references_matches,related_work_matches,results_matches
markdown/2025/s42256-025-01120-9.md,0,0,0,0,0,0,0,0,0,0
markdown/2025/s42256-025-01122-7.md,0,0,0,0,0,0,0,0,0,0
markdown/2025/s42256-025-01124-5.md,0,0,0,0,0,0,0,0,0,0
markdown/2025/s42256-025-01125-4.md,0,0,0,0,0,0,0,0,0,0
markdown/2025/s42256-025-01126-3.md,0,0,0,0,0,0,0,0,0,0
markdown/2025/s42256-025-01130-7.md,0,0,0,0,0,0,0,0,0,0
markdown/2025/s42256-025-01131-6.md,0,0,0,0,0,0,0,0,0,0
markdown/2025/s42256-025-01135-2.md,0,0,0,0,0,0,0,0,0,0
markdown/2025/s42256-025-01136-1.md,0,0,0,0,0,0,0,0,0,0
markdown/2025/s42256-025-01137-0.md,11,0,0,0,0,0,10,1,0,0
markdown/2025/s42256-025-01140-5.md,0,0,0,0,0,0,0,0,0,0
markdown/2025/s42256-025-01141-4.md,0,0,0,0,0,0,0,0,0,0
markdown/2025/s42256-025-01142-3.md,0,0,0,0,0,0,0,0,0,0
markdown/2025/s42256-025-01147-y.md,0,0,0,0,0,0,0,0,0,0
markdown/2025/s42256-025-01148-x.md,2,0,0,0,0,0,0,1,0,1
markdown/2025/s42256-025-01149-w.md,0,0,0,0,0,0,0,0,0,0
markdown/2025/s42256-025-01150-3.md,0,0,0,0,0,0,0,0,0,0
markdown/2025/s42256-025-01151-2.md,0,0,0,0,0,0,0,0,0,0
markdown/2025/s42256-025-01154-z.md,0,0,0,0,0,0,0,0,0,0
markdown/2025/s42256-025-01156-x.md,0,0,0,0,0,0,0,0,0,0
markdown/2025/s42256-025-01160-1.md,0,0,0,0,0,0,0,0,0,0
markdown/2025/s42256-025-01161-0.md,0,0,0,0,0,0,0,0,0,0
markdown/2025/s42256-025-01163-y.md,0,0,0,0,0,0,0,0,0,0
markdown/2025/s42256-025-01166-9.md,0,0,0,0,0,0,0,0,0,0
markdown/2022/s42256-021-00425-9.md,0,0,0,0,0,0,0,0,0,0
markdown/2022/s42256-021-00427-7.md,0,0,0,0,0,0,0,0,0,0
markdown/2022/s42256-021-00428-6.md,0,0,0,0,0,0,0,0,0,0
markdown/2022/s42256-021-00430-y.md,0,0,0,0,0,0,0,0,0,0
markdown/2022/s42256-021-00431-x.md,0,0,0,0,0,0,0,0,0,0
markdown/2022/s42256-021-00432-w.md,0,0,0,0,0,0,0,0,0,0
markdown/2022/s42256-021-00434-8.md,0,0,0,0,0,0,0,0,0,0
markdown/2022/s42256-021-00437-5.md,0,0,0,0,0,0,0,0,0,0
markdown/2022/s42256-021-00438-4.md,0,0,0,0,0,0,0,0,0,0
markdown/2022/s42256-021-00439-3.md,0,0,0,0,0,0,0,0,0,0
markdown/2022/s42256-022-00441-3.md,0,0,0,0,0,0,0,0,0,0
markdown/2022/s42256-022-00443-1.md,0,0,0,0,0,0,0,0,0,0
markdown/2022/s42256-022-00444-0.md,0,0,0,0,0,0,0,0,0,0
markdown/2022/s42256-022-00446-y.md,0,0,0,0,0,0,0,0,0,0
markdown/2022/s42256-022-00447-x.md,0,0,0,0,0,0,0,0,0,0
markdown/2022/s42256-022-00448-w.md,0,0,0,0,0,0,0,0,0,0
markdown/2022/s42256-022-00455-x.md,0,0,0,0,0,0,0,0,0,0
markdown/2022/s42256-022-00458-8.md,0,0,0,0,0,0,0,0,0,0
markdown/2022/s42256-022-00459-7.md,0,0,0,0,0,0,0,0,0,0
markdown/2022/s42256-022-00460-0.md,0,0,0,0,0,0,0,0,0,0
markdown/2022/s42256-022-00461-z.md,0,0,0,0,0,0,0,0,0,0
markdown/2022/s42256-022-00462-y.md,0,0,0,0,0,0,0,0,0,0
markdown/2022/s42256-022-00464-w.md,0,0,0,0,0,0,0,0,0,0
markdown/2022/s42256-022-00467-7.md,0,0,0,0,0,0,0,0,0,0
markdown/2022/s42256-022-00468-6.md,0,0,0,0,0,0,0,0,0,0
markdown/2022/s42256-022-00469-5.md,0,0,0,0,0,0,0,0,0,0
markdown/2022/s42256-022-00470-y.md,0,0,0,0,0,0,0,0,0,0
markdown/2022/s42256-022-00471-x.md,0,0,0,0,0,0,0,0,0,0
markdown/2022/s42256-022-00472-w.md,0,0,0,0,0,0,0,0,0,0
markdown/2022/s42256-022-00474-8.md,0,0,0,0,0,0,0,0,0,0
markdown/2022/s42256-022-00477-5.md,0,0,0,0,0,0,0,0,0,0
markdown/2022/s42256-022-00480-w.md,0,0,0,0,0,0,0,0,0,0
markdown/2022/s42256-022-00482-8.md,0,0,0,0,0,0,0,0,0,0
markdown/2022/s42256-022-00483-7.md,0,0,0,0,0,0,0,0,0,0
markdown/2022/s42256-022-00487-3.md,0,0,0,0,0,0,0,0,0,0
markdown/2022/s42256-022-00490-8.md,0,0,0,0,0,0,0,0,0,0
markdown/2022/s42256-022-00492-6.md,0,0,0,0,0,0,0,0,0,0
markdown/2022/s42256-022-00493-5.md,0,0,0,0,0,0,0,0,0,0
markdown/2022/s42256-022-00494-4.md,0,0,0,0,0,0,0,0,0,0
markdown/2022/s42256-022-00495-3.md,0,0,0,0,0,0,0,0,0,0
markdown/2022/s42256-022-00498-0.md,0,0,0,0,0,0,0,0,0,0
markdown/2022/s42256-022-00500-9.md,0,0,0,0,0,0,0,0,0,0
markdown/2022/s42256-022-00501-8.md,0,0,0,0,0,0,0,0,0,0
markdown/2022/s42256-022-00502-7.md,0,0,0,0,0,0,0,0,0,0
markdown/2022/s42256-022-00503-6.md,0,0,0,0,0,0,0,0,0,0
markdown/2022/s42256-022-00505-4.md,0,0,0,0,0,0,0,0,0,0
markdown/2022/s42256-022-00506-3.md,0,0,0,0,0,0,0,0,0,0
markdown/2022/s42256-022-00509-0.md,0,0,0,0,0,0,0,0,0,0
markdown/2022/s42256-022-00510-7.md,0,0,0,0,0,0,0,0,0,0
markdown/2022/s42256-022-00515-2.md,0,0,0,0,0,0,0,0,0,0
markdown/2024/s42256-024-00790-1.md,0,0,0,0,0,0,0,0,0,0
markdown/2024/s42256-024-00791-0.md,0,0,0,0,0,0,0,0,0,0
markdown/2024/s42256-024-00792-z.md,0,0,0,0,0,0,0,0,0,0
markdown/2024/s42256-024-00793-y.md,0,0,0,0,0,0,0,0,0,0
markdown/2024/s42256-024-00794-x.md,0,0,0,0,0,0,0,0,0,0
markdown/2024/s42256-024-00795-w.md,0,0,0,0,0,0,0,0,0,0
markdown/2024/s42256-024-00798-7.md,0,0,0,0,0,0,0,0,0,0
markdown/2024/s42256-024-00801-1.md,0,0,0,0,0,0,0,0,0,0
markdown/2024/s42256-024-00802-0.md,0,0,0,0,0,0,0,0,0,0
markdown/2024/s42256-024-00803-z.md,0,0,0,0,0,0,0,0,0,0
markdown/2024/s42256-024-00804-y.md,0,0,0,0,0,0,0,0,0,0
markdown/2024/s42256-024-00807-9.md,1,0,0,0,0,1,0,0,0,0
markdown/2024/s42256-024-00808-8.md,0,0,0,0,0,0,0,0,0,0
markdown/2024/s42256-024-00809-7.md,0,0,0,0,0,0,0,0,0,0
markdown/2024/s42256-024-00810-0.md,0,0,0,0,0,0,0,0,0,0
markdown/2024/s42256-024-00815-9.md,0,0,0,0,0,0,0,0,0,0
markdown/2024/s42256-024-00816-8.md,0,0,0,0,0,0,0,0,0,0
markdown/2024/s42256-024-00818-6.md,0,0,0,0,0,0,0,0,0,0
markdown/2024/s42256-024-00821-x.md,0,0,0,0,0,0,0,0,0,0
markdown/2024/s42256-024-00822-w.md,0,0,0,0,0,0,0,0,0,0
markdown/2024/s42256-024-00823-9.md,0,0,0,0,0,0,0,0,0,0
markdown/2024/s42256-024-00824-8.md,0,0,0,0,0,0,0,0,0,0
markdown/2024/s42256-024-00825-7.md,0,0,0,0,0,0,0,0,0,0
markdown/2024/s42256-024-00829-3.md,0,0,0,0,0,0,0,0,0,0
markdown/2024/s42256-024-00831-9.md,0,0,0,0,0,0,0,0,0,0
markdown/2024/s42256-024-00832-8.md,5,0,0,1,0,0,0,4,0,0
markdown/2024/s42256-024-00833-7.md,0,0,0,0,0,0,0,0,0,0
markdown/2024/s42256-024-00836-4.md,0,0,0,0,0,0,0,0,0,0
markdown/2024/s42256-024-00837-3.md,0,0,0,0,0,0,0,0,0,0
markdown/2024/s42256-024-00838-2.md,0,0,0,0,0,0,0,0,0,0
markdown/2024/s42256-024-00839-1.md,0,0,0,0,0,0,0,0,0,0
markdown/2024/s42256-024-00844-4.md,0,0,0,0,0,0,0,0,0,0
markdown/2024/s42256-024-00845-3.md,0,0,0,0,0,0,0,0,0,0
markdown/2024/s42256-024-00846-2.md,0,0,0,0,0,0,0,0,0,0
markdown/2024/s42256-024-00848-0.md,0,0,0,0,0,0,0,0,0,0
markdown/2024/s42256-024-00849-z.md,0,0,0,0,0,0,0,0,0,0
markdown/2024/s42256-024-00851-5.md,0,0,0,0,0,0,0,0,0,0
markdown/2024/s42256-024-00853-3.md,0,0,0,0,0,0,0,0,0,0
markdown/2024/s42256-024-00854-2.md,0,0,0,0,0,0,0,0,0,0
markdown/2024/s42256-024-00855-1.md,1,0,0,0,0,0,1,0,0,0
markdown/2024/s42256-024-00856-0.md,0,0,0,0,0,0,0,0,0,0
markdown/2024/s42256-024-00857-z.md,3,0,0,0,0,1,0,2,0,0
markdown/2024/s42256-024-00858-y.md,0,0,0,0,0,0,0,0,0,0
markdown/2024/s42256-024-00860-4.md,0,0,0,0,0,0,0,0,0,0
markdown/2024/s42256-024-00861-3.md,0,0,0,0,0,0,0,0,0,0
markdown/2024/s42256-024-00863-1.md,0,0,0,0,0,0,0,0,0,0
markdown/2024/s42256-024-00864-0.md,0,0,0,0,0,0,0,0,0,0
markdown/2024/s42256-024-00866-y.md,0,0,0,0,0,0,0,0,0,0
markdown/2024/s42256-024-00867-x.md,0,0,0,0,0,0,0,0,0,0
markdown/2024/s42256-024-00868-w.md,0,0,0,0,0,0,0,0,0,0
markdown/2022/s42256-022-00518-z.md,0,0,0,0,0,0,0,0,0,0
markdown/2022/s42256-022-00519-y.md,0,0,0,0,0,0,0,0,0,0
markdown/2022/s42256-022-00520-5.md,0,0,0,0,0,0,0,0,0,0
markdown/2022/s42256-022-00525-0.md,0,0,0,0,0,0,0,0,0,0
markdown/2022/s42256-022-00526-z.md,0,0,0,0,0,0,0,0,0,0
markdown/2022/s42256-022-00527-y.md,0,0,0,0,0,0,0,0,0,0
markdown/2022/s42256-022-00530-3.md,0,0,0,0,0,0,0,0,0,0
markdown/2022/s42256-022-00531-2.md,0,0,0,0,0,0,0,0,0,0
markdown/2022/s42256-022-00532-1.md,0,0,0,0,0,0,0,0,0,0
markdown/2022/s42256-022-00534-z.md,0,0,0,0,0,0,0,0,0,0
markdown/2022/s42256-022-00536-x.md,0,0,0,0,0,0,0,0,0,0
markdown/2022/s42256-022-00538-9.md,0,0,0,0,0,0,0,0,0,0
markdown/2022/s42256-022-00540-1.md,0,0,0,0,0,0,0,0,0,0
markdown/2022/s42256-022-00541-0.md,0,0,0,0,0,0,0,0,0,0
markdown/2022/s42256-022-00542-z.md,0,0,0,0,0,0,0,0,0,0
markdown/2022/s42256-022-00543-y.md,0,0,0,0,0,0,0,0,0,0
markdown/2022/s42256-022-00545-w.md,0,0,0,0,0,0,0,0,0,0
markdown/2022/s42256-022-00547-8.md,0,0,0,0,0,0,0,0,0,0
markdown/2022/s42256-022-00550-z.md,0,0,0,0,0,0,0,0,0,0
markdown/2022/s42256-022-00552-x.md,0,0,0,0,0,0,0,0,0,0
markdown/2022/s42256-022-00553-w.md,0,0,0,0,0,0,0,0,0,0
markdown/2022/s42256-022-00555-8.md,0,0,0,0,0,0,0,0,0,0
markdown/2022/s42256-022-00556-7.md,0,0,0,0,0,0,0,0,0,0
markdown/2022/s42256-022-00557-6.md,0,0,0,0,0,0,0,0,0,0
markdown/2022/s42256-022-00560-x.md,0,0,0,0,0,0,0,0,0,0
markdown/2022/s42256-022-00561-w.md,0,0,0,0,0,0,0,0,0,0
markdown/2022/s42256-022-00563-8.md,0,0,0,0,0,0,0,0,0,0
markdown/2022/s42256-022-00564-7.md,0,0,0,0,0,0,0,0,0,0
markdown/2022/s42256-022-00566-5.md,0,0,0,0,0,0,0,0,0,0
markdown/2022/s42256-022-00568-3.md,0,0,0,0,0,0,0,0,0,0
markdown/2022/s42256-022-00569-2.md,0,0,0,0,0,0,0,0,0,0
markdown/2022/s42256-022-00571-8.md,0,0,0,0,0,0,0,0,0,0
markdown/2022/s42256-022-00572-7.md,0,0,0,0,0,0,0,0,0,0
markdown/2022/s42256-022-00574-5.md,0,0,0,0,0,0,0,0,0,0
markdown/2022/s42256-022-00575-4.md,0,0,0,0,0,0,0,0,0,0
markdown/2022/s42256-022-00576-3.md,0,0,0,0,0,0,0,0,0,0
markdown/2022/s42256-022-00577-2.md,0,0,0,0,0,0,0,0,0,0
markdown/2022/s42256-022-00579-0.md,0,0,0,0,0,0,0,0,0,0
markdown/2022/s42256-022-00580-7.md,0,0,0,0,0,0,0,0,0,0
markdown/2022/s42256-022-00581-6.md,0,0,0,0,0,0,0,0,0,0
markdown/2023/s42256-022-00583-4.md,0,0,0,0,0,0,0,0,0,0
markdown/2023/s42256-022-00584-3.md,0,0,0,0,0,0,0,0,0,0
markdown/2023/s42256-022-00593-2.md,0,0,0,0,0,0,0,0,0,0
markdown/2023/s42256-022-00595-0.md,0,0,0,0,0,0,0,0,0,0
markdown/2023/s42256-022-00599-w.md,0,0,0,0,0,0,0,0,0,0
markdown/2023/s42256-022-00604-2.md,0,0,0,0,0,0,0,0,0,0
markdown/2023/s42256-022-00605-1.md,0,0,0,0,0,0,0,0,0,0
markdown/2023/s42256-022-00607-z.md,0,0,0,0,0,0,0,0,0,0
markdown/2023/s42256-023-00609-5.md,0,0,0,0,0,0,0,0,0,0
markdown/2023/s42256-023-00610-y.md,0,0,0,0,0,0,0,0,0,0
markdown/2023/s42256-023-00611-x.md,0,0,0,0,0,0,0,0,0,0
markdown/2023/s42256-023-00612-w.md,0,0,0,0,0,0,0,0,0,0
markdown/2023/s42256-023-00616-6.md,0,0,0,0,0,0,0,0,0,0
markdown/2023/s42256-023-00619-3.md,0,0,0,0,0,0,0,0,0,0
markdown/2023/s42256-023-00620-w.md,0,0,0,0,0,0,0,0,0,0
markdown/2023/s42256-023-00622-8.md,0,0,0,0,0,0,0,0,0,0
markdown/2023/s42256-023-00625-5.md,0,0,0,0,0,0,0,0,0,0
markdown/2023/s42256-023-00627-3.md,0,0,0,0,0,0,0,0,0,0
markdown/2023/s42256-023-00628-2.md,0,0,0,0,0,0,0,0,0,0
markdown/2023/s42256-023-00629-1.md,0,0,0,0,0,0,0,0,0,0
markdown/2023/s42256-023-00630-8.md,0,0,0,0,0,0,0,0,0,0
markdown/2023/s42256-023-00632-6.md,0,0,0,0,0,0,0,0,0,0
markdown/2023/s42256-023-00634-4.md,0,0,0,0,0,0,0,0,0,0
markdown/2023/s42256-023-00635-3.md,0,0,0,0,0,0,0,0,0,0
markdown/2023/s42256-023-00636-2.md,0,0,0,0,0,0,0,0,0,0
markdown/2023/s42256-023-00638-0.md,0,0,0,0,0,0,0,0,0,0
markdown/2023/s42256-023-00639-z.md,0,0,0,0,0,0,0,0,0,0
markdown/2023/s42256-023-00640-6.md,0,0,0,0,0,0,0,0,0,0
markdown/2023/s42256-023-00642-4.md,0,0,0,0,0,0,0,0,0,0
markdown/2023/s42256-023-00646-0.md,0,0,0,0,0,0,0,0,0,0
markdown/2023/s42256-023-00647-z.md,0,0,0,0,0,0,0,0,0,0
markdown/2023/s42256-023-00648-y.md,0,0,0,0,0,0,0,0,0,0
markdown/2023/s42256-023-00650-4.md,0,0,0,0,0,0,0,0,0,0
markdown/2023/s42256-023-00652-2.md,0,0,0,0,0,0,0,0,0,0
markdown/2023/s42256-023-00654-0.md,0,0,0,0,0,0,0,0,0,0
markdown/2023/s42256-023-00656-y.md,0,0,0,0,0,0,0,0,0,0
markdown/2023/s42256-023-00663-z.md,0,0,0,0,0,0,0,0,0,0
markdown/2023/s42256-023-00667-9.md,0,0,0,0,0,0,0,0,0,0
markdown/2023/s42256-023-00668-8.md,0,0,0,0,0,0,0,0,0,0
markdown/2023/s42256-023-00671-z.md,0,0,0,0,0,0,0,0,0,0
markdown/2023/s42256-023-00676-8.md,0,0,0,0,0,0,0,0,0,0
markdown/2023/s42256-023-00677-7.md,0,0,0,0,0,0,0,0,0,0
markdown/2023/s42256-023-00679-5.md,0,0,0,0,0,0,0,0,0,0
markdown/2023/s42256-023-00680-y.md,0,0,0,0,0,0,0,0,0,0
markdown/2023/s42256-023-00682-w.md,0,0,0,0,0,0,0,0,0,0
markdown/2023/s42256-023-00683-9.md,0,0,0,0,0,0,0,0,0,0
markdown/2023/s42256-023-00684-8.md,0,0,0,0,0,0,0,0,0,0
markdown/2023/s42256-023-00685-7.md,0,0,0,0,0,0,0,0,0,0
markdown/2023/s42256-023-00687-5.md,0,0,0,0,0,0,0,0,0,0
markdown/2023/s42256-023-00688-4.md,0,0,0,0,0,0,0,0,0,0
markdown/2023/s42256-023-00689-3.md,0,0,0,0,0,0,0,0,0,0
markdown/2023/s42256-023-00691-9.md,0,0,0,0,0,0,0,0,0,0
markdown/2023/s42256-023-00692-8.md,0,0,0,0,0,0,0,0,0,0
markdown/2023/s42256-023-00694-6.md,0,0,0,0,0,0,0,0,0,0
markdown/2023/s42256-023-00697-3.md,0,0,0,0,0,0,0,0,0,0
markdown/2023/s42256-023-00700-x.md,0,0,0,0,0,0,0,0,0,0
markdown/2023/s42256-023-00701-w.md,0,0,0,0,0,0,0,0,0,0
markdown/2023/s42256-023-00702-9.md,0,0,0,0,0,0,0,0,0,0
markdown/2023/s42256-023-00704-7.md,0,0,0,0,0,0,0,0,0,0
markdown/2023/s42256-023-00707-4.md,0,0,0,0,0,0,0,0,0,0
markdown/2025/s42256-024-00942-3.md,0,0,0,0,0,0,0,0,0,0
markdown/2025/s42256-024-00956-x.md,0,0,0,0,0,0,0,0,0,0
markdown/2025/s42256-024-00958-9.md,0,0,0,0,0,0,0,0,0,0
markdown/2025/s42256-024-00960-1.md,0,0,0,0,0,0,0,0,0,0
markdown/2025/s42256-024-00963-y.md,6,0,0,0,0,1,1,4,0,0
markdown/2025/s42256-024-00964-x.md,0,0,0,0,0,0,0,0,0,0
markdown/2025/s42256-024-00965-w.md,1,0,0,0,0,0,0,1,0,0
markdown/2025/s42256-024-00966-9.md,0,0,0,0,0,0,0,0,0,0
markdown/2025/s42256-024-00969-6.md,3,0,0,0,0,0,0,3,0,0
markdown/2025/s42256-024-00971-y.md,0,0,0,0,0,0,0,0,0,0
markdown/2025/s42256-024-00972-x.md,0,0,0,0,0,0,0,0,0,0
markdown/2025/s42256-024-00973-w.md,0,0,0,0,0,0,0,0,0,0
markdown/2025/s42256-024-00975-8.md,0,0,0,0,0,0,0,0,0,0
markdown/2025/s42256-024-00976-7.md,4,0,0,0,0,0,0,4,0,0
markdown/2025/s42256-024-00978-5.md,0,0,0,0,0,0,0,0,0,0
markdown/2025/s42256-025-00980-5.md,0,0,0,0,0,0,0,0,0,0
markdown/2025/s42256-025-00981-4.md,0,0,0,0,0,0,0,0,0,0
markdown/2025/s42256-025-00982-3.md,1,0,0,0,0,0,1,0,0,0
markdown/2025/s42256-025-00983-2.md,0,0,0,0,0,0,0,0,0,0
markdown/2025/s42256-025-00986-z.md,2,0,0,0,0,0,0,2,0,0
markdown/2025/s42256-025-00988-x.md,0,0,0,0,0,0,0,0,0,0
markdown/2025/s42256-025-00991-2.md,0,0,0,0,0,0,0,0,0,0
markdown/2025/s42256-025-00994-z.md,2,0,0,0,0,0,0,2,0,0
markdown/2025/s42256-025-00995-y.md,0,0,0,0,0,0,0,0,0,0
markdown/2025/s42256-025-00997-w.md,0,0,0,0,0,0,0,0,0,0
markdown/2025/s42256-025-00998-9.md,0,0,0,0,0,0,0,0,0,0
markdown/2025/s42256-025-01000-2.md,0,0,0,0,0,0,0,0,0,0
markdown/2025/s42256-025-01001-1.md,0,0,0,0,0,0,0,0,0,0
markdown/2025/s42256-025-01002-0.md,0,0,0,0,0,0,0,0,0,0
markdown/2025/s42256-025-01003-z.md,0,0,0,0,0,0,0,0,0,0
markdown/2025/s42256-025-01005-x.md,1,0,0,0,0,0,0,1,0,0
markdown/2025/s42256-025-01006-w.md,0,0,0,0,0,0,0,0,0,0
markdown/2025/s42256-025-01009-7.md,0,0,0,0,0,0,0,0,0,0
markdown/2025/s42256-025-01010-0.md,0,0,0,0,0,0,0,0,0,0
markdown/2025/s42256-025-01011-z.md,8,0,0,0,0,0,7,1,0,0
markdown/2025/s42256-025-01012-y.md,0,0,0,0,0,0,0,0,0,0
markdown/2025/s42256-025-01014-w.md,1,0,0,0,0,0,0,1,0,0
markdown/2025/s42256-025-01016-8.md,0,0,0,0,0,0,0,0,0,0
markdown/2025/s42256-025-01018-6.md,0,0,0,0,0,0,0,0,0,0
markdown/2025/s42256-025-01019-5.md,0,0,0,0,0,0,0,0,0,0
markdown/2025/s42256-025-01025-7.md,0,0,0,0,0,0,0,0,0,0
markdown/2025/s42256-025-01027-5.md,0,0,0,0,0,0,0,0,0,0
markdown/2025/s42256-025-01028-4.md,0,0,0,0,0,0,0,0,0,0
markdown/2025/s42256-025-01029-3.md,0,0,0,0,0,0,0,0,0,0
markdown/2025/s42256-025-01030-w.md,1,0,0,0,0,1,0,0,0,0
markdown/2025/s42256-025-01031-9.md,0,0,0,0,0,0,0,0,0,0
markdown/2025/s42256-025-01032-8.md,0,0,0,0,0,0,0,0,0,0
markdown/2025/s42256-025-01033-7.md,0,0,0,0,0,0,0,0,0,0
markdown/2025/s42256-025-01035-5.md,0,0,0,0,0,0,0,0,0,0
markdown/2025/s42256-025-01039-1.md,0,0,0,0,0,0,0,0,0,0
markdown/2023/s42256-023-00708-3.md,0,0,0,0,0,0,0,0,0,0
markdown/2023/s42256-023-00709-2.md,0,0,0,0,0,0,0,0,0,0
markdown/2023/s42256-023-00711-8.md,0,0,0,0,0,0,0,0,0,0
markdown/2023/s42256-023-00712-7.md,0,0,0,0,0,0,0,0,0,0
markdown/2023/s42256-023-00714-5.md,0,0,0,0,0,0,0,0,0,0
markdown/2023/s42256-023-00715-4.md,0,0,0,0,0,0,0,0,0,0
markdown/2023/s42256-023-00716-3.md,0,0,0,0,0,0,0,0,0,0
markdown/2023/s42256-023-00718-1.md,0,0,0,0,0,0,0,0,0,0
markdown/2023/s42256-023-00719-0.md,0,0,0,0,0,0,0,0,0,0
markdown/2023/s42256-023-00720-7.md,0,0,0,0,0,0,0,0,0,0
markdown/2023/s42256-023-00721-6.md,0,0,0,0,0,0,0,0,0,0
markdown/2023/s42256-023-00722-5.md,0,0,0,0,0,0,0,0,0,0
markdown/2023/s42256-023-00723-4.md,0,0,0,0,0,0,0,0,0,0
markdown/2023/s42256-023-00724-3.md,0,0,0,0,0,0,0,0,0,0
markdown/2023/s42256-023-00726-1.md,0,0,0,0,0,0,0,0,0,0
markdown/2023/s42256-023-00728-z.md,0,0,0,0,0,0,0,0,0,0
markdown/2023/s42256-023-00731-4.md,0,0,0,0,0,0,0,0,0,0
markdown/2023/s42256-023-00734-1.md,0,0,0,0,0,0,0,0,0,0
markdown/2023/s42256-023-00736-z.md,0,0,0,0,0,0,0,0,0,0
markdown/2023/s42256-023-00737-y.md,0,0,0,0,0,0,0,0,0,0
markdown/2023/s42256-023-00738-x.md,0,0,0,0,0,0,0,0,0,0
markdown/2023/s42256-023-00739-w.md,0,0,0,0,0,0,0,0,0,0
markdown/2023/s42256-023-00740-3.md,0,0,0,0,0,0,0,0,0,0
markdown/2023/s42256-023-00741-2.md,0,0,0,0,0,0,0,0,0,0
markdown/2023/s42256-023-00744-z.md,0,0,0,0,0,0,0,0,0,0
markdown/2023/s42256-023-00745-y.md,0,0,0,0,0,0,0,0,0,0
markdown/2023/s42256-023-00746-x.md,0,0,0,0,0,0,0,0,0,0
markdown/2023/s42256-023-00747-w.md,0,0,0,0,0,0,0,0,0,0
markdown/2023/s42256-023-00748-9.md,0,0,0,0,0,0,0,0,0,0
markdown/2023/s42256-023-00751-0.md,0,0,0,0,0,0,0,0,0,0
markdown/2023/s42256-023-00752-z.md,0,0,0,0,0,0,0,0,0,0
markdown/2023/s42256-023-00753-y.md,0,0,0,0,0,0,0,0,0,0
markdown/2023/s42256-023-00756-9.md,0,0,0,0,0,0,0,0,0,0
markdown/2023/s42256-023-00757-8.md,0,0,0,0,0,0,0,0,0,0
markdown/2023/s42256-023-00759-6.md,0,0,0,0,0,0,0,0,0,0
markdown/2023/s42256-023-00761-y.md,0,0,0,0,0,0,0,0,0,0
markdown/2023/s42256-023-00762-x.md,0,0,0,0,0,0,0,0,0,0
markdown/2023/s42256-023-00763-w.md,0,0,0,0,0,0,0,0,0,0
markdown/2023/s42256-023-00764-9.md,0,0,0,0,0,0,0,0,0,0
markdown/2023/s42256-023-00765-8.md,104,0,0,0,17,0,57,11,1,18
markdown/2023/s42256-023-00767-6.md,0,0,0,0,0,0,0,0,0,0
markdown/2024/s42256-023-00772-9.md,0,0,0,0,0,0,0,0,0,0
markdown/2024/s42256-023-00773-8.md,0,0,0,0,0,0,0,0,0,0
markdown/2024/s42256-023-00775-6.md,0,0,0,0,0,0,0,0,0,0
markdown/2024/s42256-023-00776-5.md,1,0,0,0,0,0,1,0,0,0
markdown/2024/s42256-023-00778-3.md,0,0,0,0,0,0,0,0,0,0
markdown/2024/s42256-023-00779-2.md,0,0,0,0,0,0,0,0,0,0
markdown/2024/s42256-023-00780-9.md,0,0,0,0,0,0,0,0,0,0
markdown/2024/s42256-023-00787-2.md,0,0,0,0,0,0,0,0,0,0
markdown/2024/s42256-023-00788-1.md,0,0,0,0,0,0,0,0,0,0
markdown/2024/s42256-024-00870-2.md,0,0,0,0,0,0,0,0,0,0
markdown/2024/s42256-024-00871-1.md,0,0,0,0,0,0,0,0,0,0
markdown/2024/s42256-024-00872-0.md,0,0,0,0,0,0,0,0,0,0
markdown/2024/s42256-024-00873-z.md,0,0,0,0,0,0,0,0,0,0
markdown/2024/s42256-024-00874-y.md,0,0,0,0,0,0,0,0,0,0
markdown/2024/s42256-024-00875-x.md,0,0,0,0,0,0,0,0,0,0
markdown/2024/s42256-024-00876-w.md,0,0,0,0,0,0,0,0,0,0
markdown/2024/s42256-024-00878-8.md,1,0,0,0,0,0,0,1,0,0
markdown/2024/s42256-024-00879-7.md,0,0,0,0,0,0,0,0,0,0
markdown/2024/s42256-024-00882-y.md,0,0,0,0,0,0,0,0,0,0
markdown/2024/s42256-024-00883-x.md,0,0,0,0,0,0,0,0,0,0
markdown/2024/s42256-024-00886-8.md,0,0,0,0,0,0,0,0,0,0
markdown/2024/s42256-024-00887-7.md,0,0,0,0,0,0,0,0,0,0
markdown/2024/s42256-024-00888-6.md,0,0,0,0,0,0,0,0,0,0
markdown/2024/s42256-024-00889-5.md,0,0,0,0,0,0,0,0,0,0
markdown/2024/s42256-024-00892-w.md,0,0,0,0,0,0,0,0,0,0
markdown/2024/s42256-024-00893-9.md,0,0,0,0,0,0,0,0,0,0
markdown/2024/s42256-024-00894-8.md,0,0,0,0,0,0,0,0,0,0
markdown/2024/s42256-024-00898-4.md,0,0,0,0,0,0,0,0,0,0
markdown/2024/s42256-024-00899-3.md,27,10,0,0,0,4,6,1,0,6
markdown/2024/s42256-024-00900-z.md,0,0,0,0,0,0,0,0,0,0
markdown/2024/s42256-024-00901-y.md,0,0,0,0,0,0,0,0,0,0
markdown/2024/s42256-024-00902-x.md,0,0,0,0,0,0,0,0,0,0
markdown/2024/s42256-024-00903-w.md,0,0,0,0,0,0,0,0,0,0
markdown/2024/s42256-024-00904-9.md,0,0,0,0,0,0,0,0,0,0
markdown/2024/s42256-024-00906-7.md,0,0,0,0,0,0,0,0,0,0
markdown/2024/s42256-024-00908-5.md,0,0,0,0,0,0,0,0,0,0
markdown/2024/s42256-024-00909-4.md,0,0,0,0,0,0,0,0,0,0
markdown/2024/s42256-024-00910-x.md,0,0,0,0,0,0,0,0,0,0
markdown/2024/s42256-024-00914-7.md,0,0,0,0,0,0,0,0,0,0
markdown/2024/s42256-024-00915-6.md,0,0,0,0,0,0,0,0,0,0
markdown/2024/s42256-024-00916-5.md,1,0,0,0,0,0,0,1,0,0
markdown/2024/s42256-024-00918-3.md,0,0,0,0,0,0,0,0,0,0
markdown/2024/s42256-024-00919-2.md,2,0,0,0,0,2,0,0,0,0
markdown/2024/s42256-024-00920-9.md,0,0,0,0,0,0,0,0,0,0
markdown/2024/s42256-024-00923-6.md,0,0,0,0,0,0,0,0,0,0
markdown/2024/s42256-024-00925-4.md,0,0,0,0,0,0,0,0,0,0
markdown/2024/s42256-024-00927-2.md,0,0,0,0,0,0,0,0,0,0
markdown/2024/s42256-024-00928-1.md,0,0,0,0,0,0,0,0,0,0
markdown/2024/s42256-024-00930-7.md,1,0,1,0,0,0,0,0,0,0
markdown/2024/s42256-024-00931-6.md,0,0,0,0,0,0,0,0,0,0
markdown/2024/s42256-024-00932-5.md,0,0,0,0,0,0,0,0,0,0
markdown/2024/s42256-024-00934-3.md,1,0,1,0,0,0,0,0,0,0
markdown/2024/s42256-024-00937-0.md,0,0,0,0,0,0,0,0,0,0
markdown/2024/s42256-024-00938-z.md,0,0,0,0,0,0,0,0,0,0
markdown/2024/s42256-024-00939-y.md,0,0,0,0,0,0,0,0,0,0
markdown/2024/s42256-024-00940-5.md,0,0,0,0,0,0,0,0,0,0
markdown/2024/s42256-024-00943-2.md,0,0,0,0,0,0,0,0,0,0
markdown/2024/s42256-024-00946-z.md,0,0,0,0,0,0,0,0,0,0
markdown/2024/s42256-024-00950-3.md,0,0,0,0,0,0,0,0,0,0
markdown/2025/s42256-025-01040-8.md,0,0,0,0,0,0,0,0,0,0
markdown/2025/s42256-025-01042-6.md,0,0,0,0,0,0,0,0,0,0
markdown/2025/s42256-025-01044-4.md,0,0,0,0,0,0,0,0,0,0
markdown/2025/s42256-025-01045-3.md,0,0,0,0,0,0,0,0,0,0
markdown/2025/s42256-025-01046-2.md,0,0,0,0,0,0,0,0,0,0
markdown/2025/s42256-025-01047-1.md,4,0,0,0,0,0,2,2,0,0
markdown/2025/s42256-025-01048-0.md,0,0,0,0,0,0,0,0,0,0
markdown/2025/s42256-025-01049-z.md,10,0,0,1,0,4,4,1,0,0
markdown/2025/s42256-025-01052-4.md,0,0,0,0,0,0,0,0,0,0
markdown/2025/s42256-025-01053-3.md,0,0,0,0,0,0,0,0,0,0
markdown/2025/s42256-025-01054-2.md,0,0,0,0,0,0,0,0,0,0
markdown/2025/s42256-025-01055-1.md,0,0,0,0,0,0,0,0,0,0
markdown/2025/s42256-025-01059-x.md,0,0,0,0,0,0,0,0,0,0
markdown/2025/s42256-025-01062-2.md,0,0,0,0,0,0,0,0,0,0
markdown/2025/s42256-025-01063-1.md,0,0,0,0,0,0,0,0,0,0
markdown/2025/s42256-025-01064-0.md,4,0,0,0,2,0,0,2,0,0
markdown/2025/s42256-025-01065-z.md,0,0,0,0,0,0,0,0,0,0
markdown/2025/s42256-025-01066-y.md,4,0,0,0,0,1,0,3,0,0
markdown/2025/s42256-025-01067-x.md,1,0,1,0,0,0,0,0,0,0
markdown/2025/s42256-025-01069-9.md,0,0,0,0,0,0,0,0,0,0
markdown/2025/s42256-025-01070-2.md,0,0,0,0,0,0,0,0,0,0
markdown/2025/s42256-025-01072-0.md,0,0,0,0,0,0,0,0,0,0
markdown/2025/s42256-025-01073-z.md,0,0,0,0,0,0,0,0,0,0
markdown/2025/s42256-025-01074-y.md,0,0,0,0,0,0,0,0,0,0
markdown/2025/s42256-025-01076-w.md,0,0,0,0,0,0,0,0,0,0
markdown/2025/s42256-025-01077-9.md,0,0,0,0,0,0,0,0,0,0
markdown/2025/s42256-025-01078-8.md,0,0,0,0,0,0,0,0,0,0
markdown/2025/s42256-025-01082-y.md,0,0,0,0,0,0,0,0,0,0
markdown/2025/s42256-025-01083-x.md,0,0,0,0,0,0,0,0,0,0
markdown/2025/s42256-025-01084-w.md,0,0,0,0,0,0,0,0,0,0
markdown/2025/s42256-025-01085-9.md,0,0,0,0,0,0,0,0,0,0
markdown/2025/s42256-025-01087-7.md,0,0,0,0,0,0,0,0,0,0
markdown/2025/s42256-025-01088-6.md,0,0,0,0,0,0,0,0,0,0
markdown/2025/s42256-025-01089-5.md,0,0,0,0,0,0,0,0,0,0
markdown/2025/s42256-025-01090-y.md,0,0,0,0,0,0,0,0,0,0
markdown/2025/s42256-025-01091-x.md,0,0,0,0,0,0,0,0,0,0
markdown/2025/s42256-025-01095-7.md,0,0,0,0,0,0,0,0,0,0
markdown/2025/s42256-025-01096-6.md,0,0,0,0,0,0,0,0,0,0
markdown/2025/s42256-025-01097-5.md,0,0,0,0,0,0,0,0,0,0
markdown/2025/s42256-025-01099-3.md,1,0,0,0,0,0,0,1,0,0
markdown/2025/s42256-025-01100-z.md,0,0,0,0,0,0,0,0,0,0
markdown/2025/s42256-025-01103-w.md,2,0,0,0,0,0,0,2,0,0
markdown/2025/s42256-025-01104-9.md,0,0,0,0,0,0,0,0,0,0
markdown/2025/s42256-025-01105-8.md,0,0,0,0,0,0,0,0,0,0
markdown/2025/s42256-025-01107-6.md,0,0,0,0,0,0,0,0,0,0
markdown/2025/s42256-025-01111-w.md,0,0,0,0,0,0,0,0,0,0
markdown/2025/s42256-025-01112-9.md,0,0,0,0,0,0,0,0,0,0
markdown/2025/s42256-025-01113-8.md,0,0,0,0,0,0,0,0,0,0
markdown/2025/s42256-025-01115-6.md,0,0,0,0,0,0,0,0,0,0
markdown/2025/s42256-025-01119-2.md,0,0,0,0,0,0,0,0,0,0
